,TIME_STAMP,Lon,Lat,GPS Lon,GPS Lat,GPS Time,GPS Head,GPS Speed (km/h),GPS Speed(Complement),GPS Distance (m),GPS Source,GPS Data Ind,GPS Area,GPS Satellite Status NMEA GPS List[0] PRN,GPS Satellite Status NMEA GPS List[0] Elevation,GPS Satellite Status NMEA GPS List[0] Azimuth,GPS Satellite Status NMEA GPS List[0] SNR [dB],GPS Satellite Status NMEA GPS List[1] PRN,GPS Satellite Status NMEA GPS List[1] Elevation,GPS Satellite Status NMEA GPS List[1] Azimuth,GPS Satellite Status NMEA GPS List[1] SNR [dB],GPS Satellite Status NMEA GPS List[2] PRN,GPS Satellite Status NMEA GPS List[2] Elevation,GPS Satellite Status NMEA GPS List[2] Azimuth,GPS Satellite Status NMEA GPS List[2] SNR [dB],GPS Satellite Status NMEA GPS List[3] PRN,GPS Satellite Status NMEA GPS List[3] Elevation,GPS Satellite Status NMEA GPS List[3] Azimuth,GPS Satellite Status NMEA GPS List[3] SNR [dB],Event Technology,Event LTE Events,Event 5G-NR/LTE Events,Event Port Number,LTE KPI Chip Type,LTE KPI PCell Serving PCI,LTE KPI PCell Serving Band,LTE KPI PCell Serving EARFCN(DL),LTE KPI PCell Serving EARFCN(UL),LTE KPI PCell Serving BandWidth(DL),LTE KPI PCell Serving BandWidth(UL),LTE KPI PCell Serving RSRP[dBm],LTE KPI PCell Serving RSRQ[dB],LTE KPI PCell Serving RSSI[dBm],LTE KPI PCell PUSCH Power[dBm],LTE KPI PCell PUCCH Power[dBm],LTE KPI PCell Total Tx Power[dBm],LTE KPI PCell SINR[dB],LTE KPI PCell WB CQI CW0,LTE KPI PCell WB CQI CW1,LTE KPI PCell WB RI,LTE KPI PCell WB RI1 Rate,LTE KPI PCell WB RI2 Rate,LTE KPI PCell WB RI3 Rate,LTE KPI PCell WB RI4 Rate,LTE KPI PCell Tx Mode,LTE KPI PCell WB PMI 0,LTE KPI PCell M(Tx) x N(Rx) Ant,LTE KPI PCell DL MCS0,LTE KPI PCell DL MCS1,LTE KPI PCell UL MCS,LTE KPI PCell DL Modulation0,LTE KPI PCell DL Modulation1,LTE KPI PCell UL Modulation,LTE KPI Pcell PDSCH PRB Number(Avg),LTE KPI PCell PUSCH PRB Number(Avg),LTE KPI PCell PDSCH PRB Number(Including 0),LTE KPI PCell PDSCH PRB Number TB0(Including 0),LTE KPI PCell PDSCH PRB Number TB1(Including 0),LTE KPI PCell PUSCH PRB Number(Including 0),LTE KPI PCell PDSCH BLER[%],LTE KPI PCell PUSCH BLER[%],LTE KPI PCell PDSCH Throughput[Mbps],LTE KPI PCell PUSCH Throughput[Mbps],LTE KPI PCell MAC DL Throughput[Mbps],LTE KPI PCell MAC UL Throughput[Mbps],LTE KPI PDSCH PRB Number(Avg)(Total),LTE KPI PUSCH PRB Number(Avg)(Total),LTE KPI PDSCH PRB Number(Including 0)(Total),LTE KPI PUSCH PRB Number(Including 0)(Total),LTE KPI PDSCH BLER[%],LTE KPI PUSCH BLER[%],LTE KPI PDSCH Throughput[Mbps],LTE KPI PUSCH Throughput[Mbps],LTE KPI MAC DL Throughput[Mbps],LTE KPI MAC UL Throughput[Mbps],LTE KPI RLC DL Throughput[Mbps],LTE KPI RLC UL Throughput[Mbps],LTE KPI PDCP DL Throughput[Mbps],LTE KPI PDCP UL Throughput[Mbps],LTE KPI TAC,LTE KPI CA Type,LTE KPI UL CA Type,LTE KPI Band Combination,Smart Phone Smart Throughput Mobile Network DL Throughput [Mbps],Smart Phone Smart Throughput Mobile Network UL Throughput [Mbps],Smart Phone Smart Throughput Mobile Network Rx Byte,Smart Phone Smart Throughput Mobile Network Tx Byte,5G KPI Total Info Layer2 PDCP DL Throughput(+Split Bearer) [Mbps]
0,2022-08-09 22:18:17.000000,-111.846489,39.671471,,,,,,,,,,,,,,,,,,,,,,,,,,,LTE,,,,LTE Qualcomm,,,,,,,,,,,,,,,,,,,,,,,,,,,,,,,,,,,0.31,,,,0.004,,0.004,,,,0.31,,,,0.004,,0.004,,,,,,,,,,,,,
1,2022-08-09 22:18:17.400000,-111.846489,39.671471,,,,,,,,,,,,,,,,,,,,,,,,,,,,,,,,212.0,Band 2,850.0,18850.0,20.0,20.0,-115.74,-11.38,-83.54,,,-23.5,7.16,8.0,10.0,2.0,0.0,100.0,0.0,0.0,TM4,0.0,,11.0,,2.09,16QAM,,QPSK,4.0,9.64,,,,,0.0,,,,,,4.0,9.64,,,0.0,,,,,,,,,,,NonCA,NonCA,Band 2,,,,,
2,2022-08-09 22:18:17.407469,-111.846489,39.671471,,,,,,,,,,,,,,,,,,,,,,,,,,,,,,0.0,,,,,,,,,,,,,,,,,,,,,,,,,,,,,,,,,,,,,,,,,,,,,,,,,,,,,,,,,,,,,,,,,
3,2022-08-09 22:18:17.500000,-111.846489,39.671471,,,,,,,,,,,1.0,6.0,212.0,32.0,3.0,69.0,210.0,33.0,4.0,60.0,320.0,26.0,6.0,10.0,314.0,23.0,,,,,,,,,,,,,,,,,23.0,,,,,,,,,,,,,,,,,,,,,,,,,,,,,,,,,,,,,,,,,,0.0,,,,,,0.001,0.0,72.0,0.0,0.0
4,2022-08-09 22:18:17.600000,-111.846489,39.671471,,,,,,,,,,,,,,,,,,,,,,,,,,,,,,,,212.0,Band 2,850.0,18850.0,20.0,20.0,-116.86,-12.38,-84.34,23.0,,0.13,4.77,6.67,8.0,2.0,0.0,100.0,0.0,0.0,TM4,0.0,,,,,,,,,,,,,,,50.0,,,,,,,,,,50.0,,,,,,,,,,NonCA,,Band 2,,,,,
5,2022-08-09 22:18:17.900000,-111.846489,39.671471,-111.84649,39.67147,21:18:15,41.0,109.0,109.0,,1.0,2.0,,,,,,,,,,,,,,,,,,,,,,,212.0,Band 2,850.0,18850.0,20.0,20.0,-117.57,-12.94,-83.3,,23.0,-21.9,5.12,6.67,7.0,2.0,0.0,100.0,0.0,0.0,TM4,0.0,,,,,,,,,,,,,,,0.0,,,,,,,,,,0.0,,,,,0.001,,0.001,,,NonCA,,Band 2,,,,,
6,2022-08-09 22:18:18.000000,-111.846443,39.671513,,,,,,,,,,,,,,,,,,,,,,,,,,,LTE,,,,LTE Qualcomm,,,,,,,,,,,,,,,,,,,,,,,4x4,,,,,,,,,0.09,0.09,0.03,0.13,,,0.003,0.004,0.003,0.004,,,0.09,0.13,,,0.003,0.004,0.003,0.004,,,,,,,,,0.0,0.0,0.0,0.0,0.0
7,2022-08-09 22:18:18.300000,-111.846306,39.671635,,,,,,,,,,,1.0,6.0,212.0,26.0,3.0,69.0,210.0,28.0,4.0,60.0,320.0,26.0,6.0,10.0,314.0,23.0,,,,,,212.0,Band 2,850.0,18850.0,20.0,20.0,-119.88,-12.44,-87.44,,,-3.57,2.6,8.6,2.6,1.0,60.0,40.0,0.0,0.0,TM4,6.0,,0.0,0.0,,QPSK,QPSK,,4.0,,,,,,0.0,,,,,,4.0,,,,0.0,,,,,,0.0,,0.0,,,NonCA,,Band 2,,,,,
8,2022-08-09 22:18:18.400000,-111.846252,39.671677,,,,,,,,,,,,,,,,,,,,,,,,,,,,,,,,212.0,Band 2,850.0,18850.0,20.0,20.0,-112.61,-8.8,-83.73,,,2.08,8.52,7.67,9.0,2.0,0.0,100.0,0.0,0.0,TM4,0.0,,,,2.38,,,QPSK,,6.44,,,,,,,,,,,,6.44,,,,,,,,,0.002,,0.004,,,NonCA,NonCA,Band 2,,,,,
9,2022-08-09 22:18:18.500000,-111.846207,39.671715,,,,,,,,,,,,,,,,,,,,,,,,,,,,,,,,,,,,,,,,,,,,,,,,,,,,,,,,,,,,,,,,,,,,,,,,,,,,,,,,,,,,,,,,,,,0.0,0.0,0.0,0.0,0.0
10,2022-08-09 22:18:18.700000,-111.846115,39.671799,,,,,,,,,,,,,,,,,,,,,,,,,,,,,,,,212.0,Band 2,850.0,18850.0,20.0,20.0,-114.02,-8.8,-84.99,,,-11.88,5.41,7.8,5.2,2.0,40.0,60.0,0.0,0.0,TM4,0.0,,0.0,0.0,2.0,QPSK,QPSK,QPSK,18.0,4.67,,,,,0.0,0.0,,,,,18.0,4.67,,,0.0,0.0,,,,,0.0,,0.0,0.0,,NonCA,NonCA,Band 2,,,,,
11,2022-08-09 22:18:18.900000,-111.846024,39.671879,-111.84602,39.67188,21:18:17,40.0,108.0,108.0,60.87,1.0,2.0,,,,,,,,,,,,,,,,,,,,,,,,,,,,,,,,,,,,,,,,,,,,,,,,,,,,,,,,,,,,,,,,,,,,,,,,,,,,,,,,,,,,,,
12,2022-08-09 22:18:19.000000,-111.846024,39.671879,,,,,,,,,,,,,,,,,,,,,,,,,,,LTE,,,,LTE Qualcomm,,,,,,,,,,,,,,,,,,,,,,,,,,,,,,,,0.23,0.23,0.13,0.27,,,0.015,0.003,0.015,0.002,,,0.23,0.27,,,0.015,0.003,0.015,0.002,,,,,,,,,0.0,0.0,0.0,0.0,0.0
13,2022-08-09 22:18:19.100000,-111.846024,39.671879,,,,,,,,,,,,,,,,,,,,,,,,,,,,,,,,212.0,Band 2,850.0,18850.0,20.0,20.0,-118.34,-13.47,-84.83,23.0,23.0,-16.45,4.13,6.0,6.75,2.0,0.0,100.0,0.0,0.0,TM4,0.0,,,,,,,,,,,,,,,,,,,,,,,,,,,,,,0.0,,0.0,,,NonCA,,Band 2,,,,,
14,2022-08-09 22:18:19.400000,-111.846024,39.671879,,,,,,,,,,,1.0,6.0,212.0,27.0,3.0,69.0,210.0,29.0,4.0,60.0,320.0,26.0,6.0,10.0,314.0,21.0,,,,,,212.0,Band 2,850.0,18850.0,20.0,20.0,-115.88,-13.27,-82.58,,,-14.2,8.41,7.5,8.75,2.0,0.0,100.0,0.0,0.0,TM4,0.0,,,,,,,,,,,,,,,,,,,,,,,,,,,,,,0.0,,0.0,,,NonCA,,Band 2,,,,,
15,2022-08-09 22:18:19.500000,-111.846024,39.671879,,,,,,,,,,,,,,,,,,,,,,,,,,,,,,,,212.0,Band 2,850.0,18850.0,20.0,20.0,-115.74,-10.81,-84.93,,,-12.43,4.27,7.0,5.0,2.0,33.33,66.67,0.0,0.0,TM4,0.0,,,,,,,,,,,,,,,,,,,,,,,,,,,,,,0.0,,0.0,0.0,,NonCA,,Band 2,0.0,0.001,0.0,66.0,0.001
16,2022-08-09 22:18:19.700000,-111.846024,39.671879,,,,,,,,,,,,,,,,,,,,,,,,,,,,,,,,212.0,Band 2,850.0,18850.0,20.0,20.0,-118.49,-12.49,-85.93,,,8.12,4.25,8.5,3.0,2.0,50.0,50.0,0.0,0.0,TM4,6.0,,2.6,0.0,,QPSK,QPSK,,5.6,,,,,,0.0,5.88,,,,,5.6,,,,0.0,5.88,,,,,,,,,,NonCA,,Band 2,,,,,
17,2022-08-09 22:18:19.900000,-111.846024,39.671879,-111.84602,39.67188,21:18:17,40.0,108.0,108.0,0.0,1.0,2.0,,,,,,,,,,,,,,,,,,,,,,,212.0,Band 2,850.0,18850.0,20.0,20.0,-118.99,-13.15,-85.84,,,-1.93,4.58,8.75,2.25,1.0,75.0,25.0,0.0,0.0,TM4,6.0,,,,1.24,,,QPSK,,3.18,,,,,,53.85,,,,,,3.18,,,,53.85,,,,,0.003,0.001,0.002,,,NonCA,NonCA,Band 2,,,,,
18,2022-08-09 22:18:20.000000,-111.846001,39.671902,,,,,,,,,,,,,,,,,,,,,,,,,,,LTE,,,,LTE Qualcomm,,,,,,,,,,,,,,,,,,,,,,,,,,,,,,,,0.07,0.07,0.01,0.29,,,0.008,0.009,0.008,0.007,,,0.07,0.29,,,0.008,0.009,0.008,0.007,,,,,,,,,0.003,0.002,198.0,132.0,0.002
19,2022-08-09 22:18:20.100000,-111.845978,39.671921,,,,,,,,,,,,,,,,,,,,,,,,,,,,,,,,212.0,Band 2,850.0,18850.0,20.0,20.0,-117.8,-12.48,-85.29,,,-4.9,4.6,10.0,0.0,1.0,100.0,0.0,0.0,0.0,TM4,6.0,,5.0,13.0,1.73,QPSK,16QAM,QPSK,4.0,3.44,,,,,0.0,15.38,,,,,4.0,3.44,,,0.0,15.38,,,,,,,,,,NonCA,NonCA,Band 2,,,,,
20,2022-08-09 22:18:20.200000,-111.845955,39.671944,,,,,,,,,,,,,,,,,,,,,,,,,,,,,,,,212.0,Band 2,850.0,18850.0,20.0,20.0,-119.42,-13.3,-86.08,23.0,,0.45,6.28,9.0,0.0,1.0,100.0,0.0,0.0,0.0,TM4,6.0,,,,,,,,,,,,,,,23.53,,,,,,,,,,23.53,,,,,,,,,,NonCA,,Band 2,,,,,
21,2022-08-09 22:18:20.300000,-111.845932,39.671963,,,,,,,,,,,1.0,6.0,212.0,26.0,3.0,69.0,210.0,30.0,4.0,60.0,320.0,19.0,6.0,10.0,314.0,22.0,,,,,,212.0,Band 2,850.0,18850.0,20.0,20.0,-118.41,-12.49,-85.89,,23.0,-10.82,4.2,10.33,0.0,1.0,100.0,0.0,0.0,0.0,TM4,6.0,,3.0,,0.76,QPSK,,QPSK,4.0,3.89,,,,,0.0,,,,,,4.0,3.89,,,0.0,,,,,,0.002,,0.0,,,NonCA,NonCA,Band 2,,,,,
22,2022-08-09 22:18:20.500000,-111.845894,39.672005,,,,,,,,,,,,,,,,,,,,,,,,,,,,,,,,212.0,Band 2,850.0,18850.0,20.0,20.0,-118.67,-13.65,-85.04,,,-0.62,3.3,9.5,0.0,1.0,100.0,0.0,0.0,0.0,TM4,6.0,,,,,,,,,,,,,,,16.67,,,,,,,,,,16.67,,,,,0.002,,0.0,0.003,,NonCA,,Band 2,0.002,0.003,132.0,198.0,0.003
23,2022-08-09 22:18:20.600000,-111.845871,39.672024,,,,,,,,,,,,,,,,,,,,,,,,,,,,,,,,212.0,Band 2,850.0,18850.0,20.0,20.0,-118.38,-13.8,-84.41,,,-3.87,4.9,11.0,0.0,1.0,100.0,0.0,0.0,0.0,TM4,6.0,,6.0,,1.06,QPSK,,QPSK,4.0,3.35,,,,,0.0,25.0,,,,,4.0,3.35,,,0.0,25.0,,,,,,,,,,NonCA,NonCA,Band 2,,,,,
24,2022-08-09 22:18:20.700000,-111.845848,39.672047,,,,,,,,,,,,,,,,,,,,,,,,,,,,,,,,212.0,Band 2,850.0,18850.0,20.0,20.0,-117.81,-13.85,-83.96,,,-9.82,4.17,10.0,0.0,1.0,100.0,0.0,0.0,0.0,TM4,6.0,,,,,,,,,,,,,,,,,,,,,,,,,,,,,,,,,,,NonCA,,Band 2,,,,,
25,2022-08-09 22:18:20.800000,-111.845825,39.672066,,,,,,,,,,,,,,,,,,,,,,,,,,,,,,,,212.0,Band 2,850.0,18850.0,20.0,20.0,-119.34,-12.22,-87.13,,,-14.2,1.9,9.0,0.0,1.0,100.0,0.0,0.0,0.0,TM4,6.0,,,,,,,,,,,,,,,,,,,,,,,,,,,,,,0.004,,0.0,,,NonCA,,Band 2,,,,,
26,2022-08-09 22:18:20.900000,-111.845802,39.672089,-111.8458,39.67209,21:18:18,40.0,107.0,107.0,30.03,1.0,2.0,,,,,,,,,,,,,,,,,,,,,,,212.0,Band 2,850.0,18850.0,20.0,20.0,-123.13,-16.85,-86.28,,,2.33,0.48,8.5,0.0,1.0,100.0,0.0,0.0,0.0,TM4,6.0,,5.75,,1.6,QPSK,,QPSK,4.0,3.35,,,,,0.0,12.5,,,,,4.0,3.35,,,0.0,12.5,,,,,,,,,,NonCA,NonCA,Band 2,,,,,
27,2022-08-09 22:18:21.000000,-111.845757,39.672131,,,,,,,,,,,,,,,,,,,,,,,,,,,LTE,,,,LTE Qualcomm,212.0,Band 2,850.0,18850.0,20.0,20.0,-123.64,-15.47,-88.17,23.0,,3.57,-0.15,8.0,0.0,1.0,100.0,0.0,0.0,0.0,TM4,6.0,4x4,,,,,,,,,0.25,0.25,0.0,0.65,,53.85,0.01,0.027,0.008,0.017,,,0.25,0.65,,53.85,0.01,0.027,0.008,0.017,0.002,,0.0,,,NonCA,,Band 2,0.002,0.002,132.0,132.0,0.003
28,2022-08-09 22:18:21.100000,-111.845711,39.672173,,,,,,,,,,,,,,,,,,,,,,,,,,,,,,,,212.0,Band 2,850.0,18850.0,20.0,20.0,-123.08,-14.86,-88.21,,,-5.3,1.26,8.33,0.0,1.0,100.0,0.0,0.0,0.0,TM4,6.0,,,,1.0,,,QPSK,,3.2,,,,,,37.5,,,,,,3.2,,,,37.5,,,,,,,,,,NonCA,NonCA,Band 2,,,,,
29,2022-08-09 22:18:21.200000,-111.845665,39.672215,,,,,,,,,,,,,,,,,,,,,,,,,,,,,,,,212.0,Band 2,850.0,18850.0,20.0,20.0,-123.33,-14.17,-89.15,,,13.34,0.13,,,,,,,,,,,3.86,,0.76,QPSK,,QPSK,5.71,3.28,,,,,14.29,46.88,,,,,5.71,3.28,,,14.29,46.88,,,,,,0.004,,,,NonCA,NonCA,Band 2,,,,,
30,2022-08-09 22:18:21.300000,-111.845619,39.672256,,,,,,,,,,,1.0,6.0,212.0,24.0,3.0,69.0,210.0,28.0,4.0,60.0,320.0,22.0,6.0,10.0,314.0,22.0,,,,,,212.0,Band 2,850.0,18850.0,20.0,20.0,-123.51,-15.11,-88.4,,23.0,-6.49,-0.1,8.0,0.0,1.0,100.0,0.0,0.0,0.0,TM4,10.0,,,,1.0,,,QPSK,,3.13,,,,,,,,,,,,3.13,,,,,,,,,0.004,,0.003,,,NonCA,NonCA,Band 2,,,,,
31,2022-08-09 22:18:21.400000,-111.845581,39.672298,,,,,,,,,,,,,,,,,,,,,,,,,,,,,,,,212.0,Band 2,850.0,18850.0,20.0,20.0,-126.1,-17.16,-88.95,23.0,,4.15,-2.28,6.0,0.0,1.0,100.0,0.0,0.0,0.0,TM4,6.0,,,,,,,,,,,,,,,50.0,,,,,,,,,,50.0,,,,,,,,,,NonCA,,Band 2,,,,,
32,2022-08-09 22:18:21.500000,-111.845535,39.67234,,,,,,,,,,,,,,,,,,,,,,,,,,,,,,,,212.0,Band 2,850.0,18850.0,20.0,20.0,-127.04,-17.98,-89.06,23.0,,1.23,-2.64,6.0,0.0,1.0,100.0,0.0,0.0,0.0,TM4,6.0,,3.0,,0.92,QPSK,,QPSK,4.0,3.05,,,,,20.0,50.0,,,,,4.0,3.05,,,20.0,50.0,,,,,0.002,,0.0,0.003,,NonCA,NonCA,Band 2,0.002,0.003,132.0,198.0,0.0
33,2022-08-09 22:18:21.593787,-111.84549,39.672379,,,,,,,,,,,,,,,,,,,,,,,,,,,,eventA5,eventA5,,,,,,,,,,,,,,,,,,,,,,,,,,,,,,,,,,,,,,,,,,,,,,,,,,,,,,,,,,,,,,,,,,
34,2022-08-09 22:18:21.600000,-111.84549,39.672382,,,,,,,,,,,,,,,,,,,,,,,,,,,,,,,,212.0,Band 2,850.0,18850.0,20.0,20.0,-127.78,-19.05,-88.75,,23.0,15.16,-3.8,5.0,0.0,1.0,100.0,0.0,0.0,0.0,TM4,6.0,,,,0.89,,,QPSK,,3.11,,,,,,62.5,,,,,,3.11,,,,62.5,,,,,,,,,,NonCA,NonCA,Band 2,,,,,
35,2022-08-09 22:18:21.700000,-111.845444,39.672424,,,,,,,,,,,,,,,,,,,,,,,,,,,,,,,,212.0,Band 2,850.0,18850.0,20.0,20.0,-129.2,-19.75,-89.42,23.0,,17.8,-3.9,9.75,10.5,2.0,25.0,75.0,0.0,0.0,TM4,0.0,,0.1,,1.0,QPSK,,QPSK,6.2,3.0,,,,,0.0,58.97,,,,,6.2,3.0,,,0.0,58.97,,,,,0.002,,0.001,0.013,39182.0,NonCA,NonCA,Band 2,,,,,
36,2022-08-09 22:18:21.770367,-111.845413,39.672455,,,,,,,,,,,,,,,,,,,,,,,,,,,,Handover Attempt,Handover Attempt,,,,,,,,,,,,,,,,,,,,,,,,,,,,,,,,,,,,,,,,,,,,,,,,,,,,,,,,,,,,,,,,,,
37,2022-08-09 22:18:21.789933,-111.845406,39.672462,,,,,,,,,,,,,,,,,,,,,,,,,,,,Handover Success,Handover Success,,,,,,,,,,,,,,,,,,,,,,,,,,,,,,,,,,,,,,,,,,,,,,,,,,,,,,,,,,,,,,,,,,
38,2022-08-09 22:18:21.790379,-111.845398,39.672462,,,,,,,,,,,,,,,,,,,,,,,,,,,,PRACH: Msg1(RA),PRACH: Msg1(RA),,,,,,,,,,,,,,,,,,,,,,,,,,,,,,,,,,,,,,,,,,,,,,,,,,,,,,,,,,,,,,,,,,
39,2022-08-09 22:18:21.791054,-111.845398,39.672462,,,,,,,,,,,,,,,,,,,,,,,,,,,,Received RAR[True],Received RAR[True],,,,,,,,,,,,,,,,,,,,,,,,,,,,,,,,,,,,,,,,,,,,,,,,,,,,,,,,,,,,,,,,,,
40,2022-08-09 22:18:21.791252,-111.845398,39.672462,,,,,,,,,,,,,,,,,,,,,,,,,,,,PRACH: Msg2(RAR),PRACH: Msg2(RAR),,,,,,,,,,,,,,,,,,,,,,,,,,,,,,,,,,,,,,,,,,,,,,,,,,,,,,,,,,,,,,,,,,
41,2022-08-09 22:18:21.791792,-111.845398,39.672462,,,,,,,,,,,,,,,,,,,,,,,,,,,,PRACH: Msg3(UE ID),PRACH: Msg3(UE ID),,,,,,,,,,,,,,,,,,,,,,,,,,,,,,,,,,,,,,,,,,,,,,,,,,,,,,,,,,,,,,,,,,
42,2022-08-09 22:18:21.900000,-111.845352,39.672508,-111.84535,39.67251,21:18:20,40.0,107.0,107.0,60.6,1.0,2.0,,,,,,,,,,,,,,,,,,,,,,,250.0,Band 12,5110.0,23110.0,10.0,10.0,-75.14,-9.18,-48.9,,,-15.57,19.02,11.5,13.63,2.0,0.0,100.0,0.0,0.0,TM4,0.0,,,,,,,,,,,,,,,30.0,,,,,,,,,,30.0,,,,,,,,,39182.0,NonCA,,Band 12,,,,,
43,2022-08-09 22:18:22.000000,-111.845329,39.672527,,,,,,,,,,,,,,,,,,,,,,,,,,,LTE,,,,LTE Qualcomm,250.0,Band 12,5110.0,23110.0,10.0,10.0,-76.63,-8.69,-50.75,,,-16.32,18.63,12.25,12.25,2.0,0.0,100.0,0.0,0.0,TM4,1.0,2x2,,,13.45,,,QPSK,,2.8,0.29,0.29,0.05,0.16,,0.0,0.017,0.062,0.017,0.055,,2.8,0.29,0.16,,0.0,0.017,0.062,0.017,0.055,0.008,0.012,0.0,0.024,39182.0,NonCA,NonCA,Band 12,0.006,0.01,380.0,638.0,0.003
44,2022-08-09 22:18:22.032560,-111.845322,39.672535,,,,,,,,,,,,,,,,,,,,,,,,,,,,eventA5,eventA5,,,,,,,,,,,,,,,,,,,,,,,,,,,,,,,,,,,,,,,,,,,,,,,,,,,,,,,,,,,,,,,,,,
45,2022-08-09 22:18:22.035563,-111.845322,39.672535,,,,,,,,,,,,,,,,,,,,,,,,,,,,eventA5,eventA5,,,,,,,,,,,,,,,,,,,,,,,,,,,,,,,,,,,,,,,,,,,,,,,,,,,,,,,,,,,,,,,,,,
46,2022-08-09 22:18:22.063525,-111.845314,39.672543,,,,,,,,,,,,,,,,,,,,,,,,,,,,Handover Attempt,Handover Attempt,,,,,,,,,,,,,,,,,,,,,,,,,,,,,,,,,,,,,,,,,,,,,,,,,,,,,,,,,,,,,,,,,,
47,2022-08-09 22:18:22.065896,-111.845314,39.672543,,,,,,,,,,,,,,,,,,,,,,,,,,,,Handover Success,Handover Success,,,,,,,,,,,,,,,,,,,,,,,,,,,,,,,,,,,,,,,,,,,,,,,,,,,,,,,,,,,,,,,,,,
48,2022-08-09 22:18:22.065989,-111.845314,39.672543,,,,,,,,,,,,,,,,,,,,,,,,,,,,PRACH: Msg1(RA),PRACH: Msg1(RA),,,,,,,,,,,,,,,,,,,,,,,,,,,,,,,,,,,,,,,,,,,,,,,,,,,,,,,,,,,,,,,,,,
49,2022-08-09 22:18:22.066738,-111.845314,39.672543,,,,,,,,,,,,,,,,,,,,,,,,,,,,Received RAR[True],Received RAR[True],,,,,,,,,,,,,,,,,,,,,,,,,,,,,,,,,,,,,,,,,,,,,,,,,,,,,,,,,,,,,,,,,,
50,2022-08-09 22:18:22.066790,-111.845314,39.672543,,,,,,,,,,,,,,,,,,,,,,,,,,,,PRACH: Msg2(RAR),PRACH: Msg2(RAR),,,,,,,,,,,,,,,,,,,,,,,,,,,,,,,,,,,,,,,,,,,,,,,,,,,,,,,,,,,,,,,,,,
51,2022-08-09 22:18:22.067293,-111.845314,39.672543,,,,,,,,,,,,,,,,,,,,,,,,,,,,PRACH: Msg3(UE ID),PRACH: Msg3(UE ID),,,,,,,,,,,,,,,,,,,,,,,,,,,,,,,,,,,,,,,,,,,,,,,,,,,,,,,,,,,,,,,,,,
52,2022-08-09 22:18:22.100000,-111.845306,39.67255,,,,,,,,,,,,,,,,,,,,,,,,,,,,,,,,427.0,Band 66,66486.0,132022.0,10.0,10.0,-108.67,-12.44,-78.33,,,2.69,0.8,7.4,0.0,1.0,100.0,0.0,0.0,0.0,TM4,8.0,,3.59,4.8,25.64,QPSK,QPSK,64QAM,9.06,1.93,,,,,0.0,18.18,,,,,9.06,1.93,,,0.0,18.18,,,,,,,,,,NonCA,NonCA,Band 66,,,,,
53,2022-08-09 22:18:22.200000,-111.845284,39.672569,,,,,,,,,,,,,,,,,,,,,,,,,,,,,,,,427.0,Band 66,66486.0,132022.0,10.0,10.0,-109.41,-13.78,-77.84,,,2.19,0.97,6.44,3.11,2.0,44.44,55.56,0.0,0.0,TM4,13.0,,,,,,,,,,,,,,,,,,,,,,,,,,,,,,0.011,,0.003,,39182.0,NonCA,,Band 66,,,,,
54,2022-08-09 22:18:22.277180,-111.845268,39.672585,,,,,,,,,,,,,,,,,,,,,,,,,,,,TAU Success,TAU Success,,,,,,,,,,,,,,,,,,,,,,,,,,,,,,,,,,,,,,,,,,,,,,,,,,,,,,,,,,,,,,,,,,
55,2022-08-09 22:18:22.300000,-111.845261,39.672588,,,,,,,,,,,1.0,6.0,212.0,24.0,3.0,69.0,210.0,29.0,4.0,60.0,320.0,26.0,6.0,10.0,314.0,22.0,,,,,,427.0,Band 66,66486.0,132022.0,10.0,10.0,-106.21,-12.1,-77.09,,3.08,-0.47,2.58,7.5,3.5,1.0,57.14,42.86,0.0,0.0,TM4,8.0,,,,,,,,,,,,,,,0.0,,,,,,,,,,0.0,,,,,,,,,39182.0,NonCA,,Band 66,,,,,
56,2022-08-09 22:18:22.500000,-111.845222,39.67263,,,,,,,,,,,,,,,,,,,,,,,,,,,,,,,,427.0,Band 66,66486.0,132022.0,10.0,10.0,-106.09,-11.84,-77.27,,,-5.92,2.05,7.67,3.11,2.0,50.0,50.0,0.0,0.0,TM4,8.0,,5.17,7.5,24.36,QPSK,QPSK,64QAM,4.0,2.44,,,,,0.0,0.0,,,,,4.0,2.44,,,0.0,0.0,,,,,0.004,,0.0,0.003,39182.0,NonCA,NonCA,Band 66,0.002,0.003,132.0,198.0,0.002
57,2022-08-09 22:18:22.600000,-111.8452,39.672649,,,,,,,,,,,,,,,,,,,,,,,,,,,,,,,,427.0,Band 66,66486.0,132022.0,10.0,10.0,-105.96,-11.82,-76.88,16.74,,-0.6,0.04,7.75,0.0,1.0,100.0,0.0,0.0,0.0,TM4,8.0,,,,18.0,,,16QAM,,2.5,,,,,,,,,,,,2.5,,,,,,,,,,,,,39182.0,NonCA,NonCA,Band 66,,,,,
58,2022-08-09 22:18:22.800000,-111.845154,39.672691,,,,,,,,,,,,,,,,,,,,,,,,,,,,,,,,427.0,Band 66,66486.0,132022.0,10.0,10.0,-106.9,-12.45,-76.83,20.75,,-6.21,0.06,7.5,0.0,1.0,100.0,0.0,0.0,0.0,TM4,4.0,,4.75,,,QPSK,,,3.75,,,,,,0.0,25.0,,,,,3.75,,,,0.0,25.0,,,,,0.002,,0.0,,39182.0,NonCA,,Band 66,,,,,
59,2022-08-09 22:18:22.900000,-111.845131,39.67271,-111.84513,39.67271,21:18:21,40.0,107.0,107.0,29.17,1.0,2.0,,,,,,,,,,,,,,,,,,,,,,,,,,,,,,,,,,,,,,,,,,,,,,,,,,,,,,,,,,,,,,,,,,,,,,,,,,,,,,,,,,,,,,
60,2022-08-09 22:18:23.000000,-111.845108,39.672729,,,,,,,,,,,,,,,,,,,,,,,,,,,LTE,,,,LTE Qualcomm,427.0,Band 66,66486.0,132022.0,10.0,10.0,-107.15,-15.25,-74.67,,11.61,-4.18,-0.42,8.0,0.0,1.0,100.0,0.0,0.0,0.0,TM4,4.0,4x4,6.83,,,QPSK,,,6.17,,0.1,0.1,0.01,0.06,16.67,0.0,0.007,0.012,0.006,0.01,6.17,,0.1,0.06,16.67,0.0,0.007,0.012,0.006,0.01,0.002,,0.0,,39182.0,NonCA,,Band 66,0.003,0.002,198.0,132.0,0.003
61,2022-08-09 22:18:23.200000,-111.845062,39.672771,,,,,,,,,,,,,,,,,,,,,,,,,,,,,,,,427.0,Band 66,66486.0,132022.0,10.0,10.0,-105.78,-15.15,-73.64,,,-4.3,-1.12,5.88,3.25,2.0,37.5,62.5,0.0,0.0,TM4,6.0,,,,,,,,,,,,,,,,,,,,,,,,,,,,,,,,,,39182.0,NonCA,,Band 66,,,,,
62,2022-08-09 22:18:23.300000,-111.845039,39.672791,,,,,,,,,,,1.0,6.0,212.0,24.0,3.0,69.0,210.0,29.0,4.0,60.0,320.0,24.0,6.0,10.0,314.0,17.0,,,,,,427.0,Band 66,66486.0,132022.0,10.0,10.0,-104.1,-14.82,-72.29,,,-5.59,0.25,5.4,5.4,2.0,0.0,100.0,0.0,0.0,TM4,6.0,,2.5,4.0,,QPSK,QPSK,,4.5,,,,,,0.0,0.0,,,,,4.5,,,,0.0,0.0,,,,,0.002,,0.0,,39182.0,NonCA,,Band 66,,,,,
63,2022-08-09 22:18:23.400000,-111.845016,39.67281,,,,,,,,,,,,,,,,,,,,,,,,,,,,,,,,427.0,Band 66,66486.0,132022.0,10.0,10.0,-104.2,-13.5,-73.72,,,0.15,3.25,6.14,5.86,2.0,0.0,100.0,0.0,0.0,TM4,6.0,,,,16.38,,,16QAM,,3.14,,,,,,40.0,,,,,,3.14,,,,40.0,,,,,0.004,,,,39182.0,NonCA,NonCA,Band 66,,,,,
64,2022-08-09 22:18:23.500000,-111.844994,39.672829,,,,,,,,,,,,,,,,,,,,,,,,,,,,,,,,,,,,,,,,,,,,,,,,,,,,,,,,,,,,,,,,,,,,,,,,,,,,,,,,,,,,,,,,,,,0.002,0.003,132.0,198.0,0.002
65,2022-08-09 22:18:23.600000,-111.844971,39.672848,,,,,,,,,,,,,,,,,,,,,,,,,,,,,,,,427.0,Band 66,66486.0,132022.0,10.0,10.0,-104.94,-11.82,-76.14,,8.04,-10.05,0.52,7.22,1.11,1.0,77.78,22.22,0.0,0.0,TM4,4.0,,3.0,9.0,,QPSK,QPSK,,3.0,,,,,,0.0,,,,,,3.0,,,,0.0,,,,,,,,0.0,0.003,39182.0,NonCA,,Band 66,,,,,
66,2022-08-09 22:18:23.700000,-111.844948,39.672871,,,,,,,,,,,,,,,,,,,,,,,,,,,,,,,,427.0,Band 66,66486.0,132022.0,10.0,10.0,-107.06,-13.66,-76.4,,,-4.52,-1.31,6.29,0.0,1.0,100.0,0.0,0.0,0.0,TM4,4.0,,,,,,,,,,,,,,,0.0,,,,,,,,,,0.0,,,,,0.002,,0.0,,39182.0,NonCA,,Band 66,,,,,
67,2022-08-09 22:18:23.900000,-111.844902,39.672909,-111.8449,39.67291,21:18:22,40.0,107.0,107.0,29.73,1.0,2.0,,,,,,,,,,,,,,,,,,,,,,,427.0,Band 66,66486.0,132022.0,10.0,10.0,-108.25,-16.06,-75.19,,,-11.33,-2.7,5.29,0.0,1.0,100.0,0.0,0.0,0.0,TM4,4.0,,3.25,,10.2,QPSK,,16QAM,3.0,3.5,,,,,0.0,0.0,,,,,3.0,3.5,,,0.0,0.0,,,,,,,,,39182.0,NonCA,NonCA,Band 66,,,,,
68,2022-08-09 22:18:24.000000,-111.844879,39.672928,,,,,,,,,,,,,,,,,,,,,,,,,,,LTE,,,,LTE Qualcomm,427.0,Band 66,66486.0,132022.0,10.0,10.0,-107.55,-16.33,-74.2,,,-11.73,-3.15,5.5,0.0,1.0,100.0,0.0,0.0,0.0,TM4,15.0,,,,,,,,,,0.14,0.14,0.08,0.1,,0.0,0.078,0.029,0.008,0.026,,,0.14,0.1,,0.0,0.078,0.029,0.008,0.026,0.002,,0.0,,39182.0,NonCA,,Band 66,0.003,0.002,198.0,132.0,0.003
69,2022-08-09 22:18:24.100000,-111.844856,39.672951,,,,,,,,,,,,,,,,,,,,,,,,,,,,,,,,427.0,Band 66,66486.0,132022.0,10.0,10.0,-106.75,-15.81,-73.94,,,12.33,0.6,5.33,1.67,2.0,50.0,50.0,0.0,0.0,TM4,13.0,,,,,,,,,,,,,,,,,,,,,,,,,,,,,,,0.003,,,39182.0,NonCA,,Band 66,,,,,
70,2022-08-09 22:18:24.200000,-111.844833,39.67297,,,,,,,,,,,,,,,,,,,,,,,,,,,,,,,,427.0,Band 66,66486.0,132022.0,10.0,10.0,-104.77,-14.69,-72.97,21.58,,-11.72,1.15,5.83,4.83,2.0,16.67,83.33,0.0,0.0,TM4,6.0,,4.0,,,QPSK,,,5.0,,,,,,0.0,,,,,,5.0,,,,0.0,,,,,,,,,,39182.0,NonCA,,Band 66,,,,,
71,2022-08-09 22:18:24.300000,-111.84481,39.672989,,,,,,,,,,,1.0,6.0,212.0,24.0,3.0,69.0,210.0,30.0,4.0,60.0,320.0,27.0,6.0,10.0,314.0,17.0,,,,,,427.0,Band 66,66486.0,132022.0,10.0,10.0,-102.93,-12.79,-73.11,,7.07,-13.07,2.27,6.0,6.0,2.0,0.0,100.0,0.0,0.0,TM4,6.0,,,,,,,,,,,,,,,0.0,,,,,,,,,,0.0,,,,,0.003,,0.001,,39182.0,NonCA,,Band 66,,,,,
72,2022-08-09 22:18:24.400000,-111.844788,39.673012,,,,,,,,,,,,,,,,,,,,,,,,,,,,,,,,427.0,Band 66,66486.0,132022.0,10.0,10.0,-104.25,-11.86,-75.36,,,-19.74,2.48,6.71,5.43,2.0,16.67,83.33,0.0,0.0,TM4,6.0,,,,18.25,,,64QAM,,3.43,,,,,,28.57,,,,,,3.43,,,,28.57,,,,,,,,,39182.0,NonCA,NonCA,Band 66,,,,,
73,2022-08-09 22:18:24.500000,-111.844772,39.673031,,,,,,,,,,,,,,,,,,,,,,,,,,,,,,,,,,,,,,,,,,,,,,,,,,,,,,,,,,,,,,,,,,,,,,,,,,,,,,,,,,,,,,,,,,,0.002,0.003,132.0,198.0,0.002
74,2022-08-09 22:18:24.600000,-111.844749,39.67305,,,,,,,,,,,,,,,,,,,,,,,,,,,,,,,,427.0,Band 66,66486.0,132022.0,10.0,10.0,-106.51,-15.23,-74.15,,,-15.62,-0.4,6.57,0.86,1.0,85.71,14.29,0.0,0.0,TM4,8.0,,6.67,8.25,,QPSK,QPSK,,8.5,,,,,,20.0,,,,,,8.5,,,,20.0,,,,,,0.004,,0.0,0.003,39182.0,NonCA,,Band 66,,,,,
75,2022-08-09 22:18:24.700000,-111.844727,39.673069,,,,,,,,,,,,,,,,,,,,,,,,,,,,,,,,427.0,Band 66,66486.0,132022.0,10.0,10.0,-109.04,-18.11,-73.94,,,-16.84,-3.9,5.83,0.0,1.0,100.0,0.0,0.0,0.0,TM4,4.0,,,,,,,,,,,,,,,0.0,,,,,,,,,,0.0,,,,,0.002,,0.0,,39182.0,NonCA,,Band 66,,,,,
76,2022-08-09 22:18:24.800000,-111.844704,39.673092,,,,,,,,,,,,,,,,,,,,,,,,,,,,,,,,427.0,Band 66,66486.0,132022.0,10.0,10.0,-110.6,-19.78,-73.82,,,-17.48,-5.08,4.75,0.0,1.0,100.0,0.0,0.0,0.0,TM4,15.0,,4.0,,,QPSK,,,5.0,,,,,,0.0,0.0,,,,,5.0,,,,0.0,0.0,,,,,,,,,39182.0,NonCA,,Band 66,,,,,
77,2022-08-09 22:18:24.900000,-111.844681,39.673111,-111.84468,39.67311,21:18:23,40.0,107.0,107.0,29.17,1.0,2.0,,,,,,,,,,,,,,,,,,,,,,,,,,,,,,,,,,,,,,,,,,,,,,,,,,,,,,,,,,,,,,,,,,,,,,,,,,,,,,,,,,,,,,
78,2022-08-09 22:18:25.000000,-111.844658,39.673134,,,,,,,,,,,,,,,,,,,,,,,,,,,LTE,,,,LTE Qualcomm,427.0,Band 66,66486.0,132022.0,10.0,10.0,-106.08,-19.27,-69.8,,6.98,-16.73,-5.1,3.8,0.0,1.0,100.0,0.0,0.0,0.0,TM4,8.0,4x4,,,,,,,,,0.14,0.14,0.0,0.06,,,0.009,0.038,0.009,0.036,,,0.14,0.06,,,0.009,0.038,0.009,0.036,0.002,,0.0,,39182.0,NonCA,,Band 66,0.003,0.002,198.0,132.0,0.003
79,2022-08-09 22:18:25.100000,-111.844635,39.673153,,,,,,,,,,,,,,,,,,,,,,,,,,,,,,,,427.0,Band 66,66486.0,132022.0,10.0,10.0,-106.39,-16.52,-72.88,,,-21.06,-3.03,5.2,0.0,1.0,100.0,0.0,0.0,0.0,TM4,8.0,,3.0,,,QPSK,,,4.5,,,,,,0.0,,,,,,4.5,,,,0.0,,,,,,,,,,39182.0,NonCA,,Band 66,,,,,
80,2022-08-09 22:18:25.300000,-111.844589,39.673195,,,,,,,,,,,1.0,6.0,212.0,24.0,3.0,69.0,210.0,30.0,4.0,60.0,320.0,26.0,6.0,10.0,314.0,19.0,,,,,,427.0,Band 66,66486.0,132022.0,10.0,10.0,-106.15,-15.25,-73.92,,,-15.11,-2.1,6.2,0.0,1.0,100.0,0.0,0.0,0.0,TM4,15.0,,,,18.38,,,16QAM,,3.0,,,,,,0.0,,,,,,3.0,,,,0.0,,,,,0.002,,0.0,,39182.0,NonCA,NonCA,Band 66,,,,,
81,2022-08-09 22:18:25.400000,-111.844566,39.673218,,,,,,,,,,,,,,,,,,,,,,,,,,,,,,,,427.0,Band 66,66486.0,132022.0,10.0,10.0,-105.31,-16.71,-71.61,21.15,,-17.37,-0.73,6.43,0.0,1.0,100.0,0.0,0.0,0.0,TM4,4.0,,3.0,,,QPSK,,,4.5,,,,,,0.0,0.0,,,,,4.5,,,,0.0,0.0,,,,,,,,,39182.0,NonCA,,Band 66,,,,,
82,2022-08-09 22:18:25.500000,-111.844543,39.673237,,,,,,,,,,,,,,,,,,,,,,,,,,,,,,,,,,,,,,,,,,,,,,,,,,,,,,,,,,,,,,,,,,,,,,,,,,,,,,,,,,,,,,,,,,,0.002,0.002,132.0,132.0,0.001
83,2022-08-09 22:18:25.600000,-111.844521,39.673256,,,,,,,,,,,,,,,,,,,,,,,,,,,,,,,,427.0,Band 66,66486.0,132022.0,10.0,10.0,-109.4,-18.74,-73.59,,5.94,-15.97,-3.86,5.92,0.0,1.0,100.0,0.0,0.0,0.0,TM4,4.0,,5.14,,,QPSK,,,7.29,,,,,,0.0,20.0,,,,,7.29,,,,0.0,20.0,,,,,0.002,0.003,0.0,0.003,39182.0,NonCA,,Band 66,,,,,
84,2022-08-09 22:18:25.697582,-111.844498,39.673279,,,,,,,,,,,,,,,,,,,,,,,,,,,,Unknown,Unknown,,,,,,,,,,,,,,,,,,,,,,,,,,,,,,,,,,,,,,,,,,,,,,,,,,,,,,,,,,,,,,,,,,
85,2022-08-09 22:18:25.699710,-111.844498,39.673279,,,,,,,,,,,,,,,,,,,,,,,,,,,,Handover Attempt,Handover Attempt,,,,,,,,,,,,,,,,,,,,,,,,,,,,,,,,,,,,,,,,,,,,,,,,,,,,,,,,,,,,,,,,,,
86,2022-08-09 22:18:25.700000,-111.844498,39.673279,,,,,,,,,,,,,,,,,,,,,,,,,,,,,,,,22.0,Band 66,66486.0,132022.0,10.0,10.0,-98.17,-11.59,-69.63,,,3.0,5.82,10.4,7.6,2.0,0.0,100.0,0.0,0.0,TM4,11.0,,,,19.25,,,64QAM,,2.64,,,,,,0.0,,,,,,2.64,,,,0.0,,,,,0.004,,0.0,0.003,,NonCA,NonCA,Band 66,,,,,
87,2022-08-09 22:18:25.752576,-111.844482,39.67329,,,,,,,,,,,,,,,,,,,,,,,,,,,,Handover Success,Handover Success,,,,,,,,,,,,,,,,,,,,,,,,,,,,,,,,,,,,,,,,,,,,,,,,,,,,,,,,,,,,,,,,,,
88,2022-08-09 22:18:25.753074,-111.844482,39.67329,,,,,,,,,,,,,,,,,,,,,,,,,,,,PRACH: Msg1(RA),PRACH: Msg1(RA),,,,,,,,,,,,,,,,,,,,,,,,,,,,,,,,,,,,,,,,,,,,,,,,,,,,,,,,,,,,,,,,,,
89,2022-08-09 22:18:25.753461,-111.844482,39.67329,,,,,,,,,,,,,,,,,,,,,,,,,,,,Received RAR[True],Received RAR[True],,,,,,,,,,,,,,,,,,,,,,,,,,,,,,,,,,,,,,,,,,,,,,,,,,,,,,,,,,,,,,,,,,
90,2022-08-09 22:18:25.753616,-111.844482,39.67329,,,,,,,,,,,,,,,,,,,,,,,,,,,,PRACH: Msg2(RAR),PRACH: Msg2(RAR),,,,,,,,,,,,,,,,,,,,,,,,,,,,,,,,,,,,,,,,,,,,,,,,,,,,,,,,,,,,,,,,,,
91,2022-08-09 22:18:25.754193,-111.844482,39.67329,,,,,,,,,,,,,,,,,,,,,,,,,,,,PRACH: Msg3(UE ID),PRACH: Msg3(UE ID),,,,,,,,,,,,,,,,,,,,,,,,,,,,,,,,,,,,,,,,,,,,,,,,,,,,,,,,,,,,,,,,,,
92,2022-08-09 22:18:25.800000,-111.844475,39.673298,,,,,,,,,,,,,,,,,,,,,,,,,,,,,,,,22.0,Band 66,66486.0,132022.0,10.0,10.0,-97.52,-11.85,-68.67,,,-10.86,3.47,11.0,8.0,2.0,0.0,100.0,0.0,0.0,TM4,11.0,,,,,,,,,,,,,,,,,,,,,,,,,,,,,,,,,,,NonCA,,Band 66,,,,,
93,2022-08-09 22:18:25.900000,-111.844452,39.673321,-111.84445,39.67332,21:18:24,40.0,105.0,105.0,30.58,1.0,2.0,,,,,,,,,,,,,,,,,,,,,,,22.0,Band 66,66486.0,132022.0,10.0,10.0,-97.67,-9.64,-71.06,,,-9.23,6.12,10.2,8.2,2.0,0.0,100.0,0.0,0.0,TM4,11.0,,,,,,,,,,,,,,,0.0,,,,,,,,,,0.0,,,,,,,,,39182.0,NonCA,,Band 66,,,,,
94,2022-08-09 22:18:26.000000,-111.844429,39.67334,,,,,,,,,,,,,,,,,,,,,,,,,,,LTE,,,,LTE Qualcomm,22.0,Band 66,66486.0,132022.0,10.0,10.0,-98.21,-10.71,-70.52,,,-5.77,6.6,10.67,8.22,2.0,0.0,100.0,0.0,0.0,TM4,11.0,,3.57,0.0,27.83,QPSK,QPSK,64QAM,5.57,2.14,0.15,0.15,0.02,0.09,0.0,0.0,0.012,0.031,0.012,0.031,5.57,2.14,0.15,0.09,0.0,0.0,0.012,0.031,0.012,0.031,0.002,,0.0,,39182.0,NonCA,NonCA,Band 66,0.003,0.004,184.0,250.0,0.003
95,2022-08-09 22:18:26.200000,-111.844383,39.673382,,,,,,,,,,,,,,,,,,,,,,,,,,,,,,,,22.0,Band 66,66486.0,132022.0,10.0,10.0,-99.44,-11.08,-71.36,,6.86,-6.19,4.1,9.78,7.11,2.0,0.0,100.0,0.0,0.0,TM4,11.0,,,,,,,,,,,,,,,,,,,,,,,,,,,,,,,,,,39182.0,NonCA,,Band 66,,,,,
96,2022-08-09 22:18:26.300000,-111.84436,39.673401,,,,,,,,,,,1.0,6.0,212.0,24.0,3.0,69.0,210.0,31.0,4.0,60.0,320.0,27.0,6.0,10.0,314.0,19.0,,,,,,22.0,Band 66,66486.0,132022.0,10.0,10.0,-102.02,-11.73,-73.31,,,-9.33,3.7,10.38,7.13,2.0,0.0,100.0,0.0,0.0,TM4,11.0,,7.75,,,QPSK,,,4.25,,,,,,0.0,0.0,,,,,4.25,,,,0.0,0.0,,,,,0.002,,0.0,,39182.0,NonCA,,Band 66,,,,,
97,2022-08-09 22:18:26.500000,-111.844322,39.673439,,,,,,,,,,,,,,,,,,,,,,,,,,,,,,,,22.0,Band 66,66486.0,132022.0,10.0,10.0,-100.44,-11.35,-72.06,,,-8.42,7.6,11.0,7.63,2.0,0.0,100.0,0.0,0.0,TM4,11.0,,,,,,,,,,,,,,,0.0,,,,,,,,,,0.0,,,,,,,,,39182.0,NonCA,,Band 66,0.003,0.002,198.0,132.0,0.002
98,2022-08-09 22:18:26.700000,-111.844276,39.673481,,,,,,,,,,,,,,,,,,,,,,,,,,,,,,,,22.0,Band 66,66486.0,132022.0,10.0,10.0,-99.19,-12.2,-70.0,,,-2.63,5.83,11.14,7.71,2.0,0.0,100.0,0.0,0.0,TM4,11.0,,13.0,14.0,24.63,64QAM,16QAM,64QAM,3.0,3.4,,,,,0.0,0.0,,,,,3.0,3.4,,,0.0,0.0,,,,,0.004,,0.0,0.004,39182.0,NonCA,NonCA,Band 66,,,,,
99,2022-08-09 22:18:26.800000,-111.844254,39.6735,,,,,,,,,,,,,,,,,,,,,,,,,,,,,,,,22.0,Band 66,66486.0,132022.0,10.0,10.0,-99.35,-10.27,-72.08,16.63,,-8.38,7.2,11.11,8.44,2.0,0.0,100.0,0.0,0.0,TM4,11.0,,,,,,,,,,,,,,,,,,,,,,,,,,,,,,0.002,,0.0,,39182.0,NonCA,,Band 66,,,,,
100,2022-08-09 22:18:26.900000,-111.844231,39.673519,-111.84423,39.67352,21:18:25,40.0,105.0,105.0,29.17,1.0,2.0,,,,,,,,,,,,,,,,,,,,,,,22.0,Band 66,66486.0,132022.0,10.0,10.0,-99.66,-11.75,-70.92,,4.29,-12.34,6.08,10.9,8.3,2.0,0.0,100.0,0.0,0.0,TM4,11.0,,7.5,,,16QAM,,,3.0,,,,,,0.0,0.0,,,,,3.0,,,,0.0,0.0,,,,,,0.003,,,39182.0,NonCA,,Band 66,,,,,
101,2022-08-09 22:18:27.000000,-111.844208,39.673538,,,,,,,,,,,,,,,,,,,,,,,,,,,LTE,,,,LTE Qualcomm,22.0,Band 66,66486.0,132022.0,10.0,10.0,-99.69,-11.22,-71.47,,,-6.0,7.05,11.75,8.5,2.0,0.0,100.0,0.0,0.0,TM4,11.0,4x4,,,,,,,,,0.17,0.17,0.11,0.29,,0.0,0.076,0.06,0.012,0.051,,,0.17,0.29,,0.0,0.076,0.06,0.012,0.051,0.002,,0.0,,39182.0,NonCA,,Band 66,0.003,0.003,198.0,198.0,0.003
102,2022-08-09 22:18:27.100000,-111.844185,39.673561,,,,,,,,,,,,,,,,,,,,,,,,,,,,,,,,,,,,,,,,,,,-17.71,,12.67,10.33,2.0,0.0,100.0,0.0,0.0,TM4,11.0,,,,,,,,,,,,,,,,,,,,,,,,,,,,,,,,,,,,,,,,,,
103,2022-08-09 22:18:27.200000,-111.844162,39.67358,,,,,,,,,,,1.0,6.0,212.0,17.0,3.0,69.0,210.0,32.0,4.0,60.0,320.0,30.0,6.0,10.0,314.0,21.0,,,,,,22.0,Band 66,66486.0,132022.0,10.0,10.0,-100.09,-11.22,-71.89,,,-4.69,7.57,11.22,9.0,2.0,0.0,100.0,0.0,0.0,TM4,11.0,,7.5,17.0,25.43,QPSK,64QAM,64QAM,8.0,3.09,,,,,33.33,,,,,,8.0,3.09,,,33.33,,,,,,0.002,,0.0,,39182.0,NonCA,NonCA,Band 66,,,,,
104,2022-08-09 22:18:27.400000,-111.844116,39.673622,,,,,,,,,,,,,,,,,,,,,,,,,,,,,,,,22.0,Band 66,66486.0,132022.0,10.0,10.0,-99.71,-10.77,-71.92,,,-10.56,7.13,10.56,8.78,2.0,0.0,100.0,0.0,0.0,TM4,11.0,,,,,,,,,,,,,,,0.0,,,,,,,,,,0.0,,,,,,,,,39182.0,NonCA,,Band 66,,,,,
105,2022-08-09 22:18:27.500000,-111.844101,39.673641,,,,,,,,,,,,,,,,,,,,,,,,,,,,,,,,,,,,,,,,,,,,,,,,,,,,,,,,,,,,,,,,,,,,,,,,,,,,,,,,,,,,,,,,,,,0.002,0.002,132.0,132.0,0.002
106,2022-08-09 22:18:27.600000,-111.844078,39.67366,,,,,,,,,,,,,,,,,,,,,,,,,,,,,,,,22.0,Band 66,66486.0,132022.0,10.0,10.0,-99.34,-11.95,-70.39,,2.26,-10.4,7.9,11.88,8.75,2.0,0.0,100.0,0.0,0.0,TM4,11.0,,8.6,18.0,,QPSK,64QAM,,3.2,,,,,,0.0,0.0,,,,,3.2,,,,0.0,0.0,,,,,0.004,,0.0,0.003,39182.0,NonCA,,Band 66,,,,,
107,2022-08-09 22:18:27.700000,-111.844055,39.673679,,,,,,,,,,,,,,,,,,,,,,,,,,,,,,,,22.0,Band 66,66486.0,132022.0,10.0,10.0,-99.67,-10.65,-72.02,,,-2.75,8.63,12.38,9.0,2.0,0.0,100.0,0.0,0.0,TM4,11.0,,,,7.93,,,QPSK,,16.19,,,,,,0.0,,,,,,16.19,,,,0.0,,,,,,,,,39182.0,NonCA,NonCA,Band 66,,,,,
108,2022-08-09 22:18:27.800000,-111.844032,39.673702,,,,,,,,,,,,,,,,,,,,,,,,,,,,,,,,22.0,Band 66,66486.0,132022.0,10.0,10.0,-100.11,-11.64,-71.47,,,-10.85,7.5,12.3,9.3,2.0,0.0,100.0,0.0,0.0,TM4,11.0,,8.2,8.5,14.8,QPSK,64QAM,256QAM,8.4,8.0,,,,,28.57,,,,,,8.4,8.0,,,28.57,,,,,,0.003,,0.002,,39182.0,NonCA,NonCA,Band 66,,,,,
109,2022-08-09 22:18:27.900000,-111.844009,39.673721,-111.84401,39.67372,21:18:26,40.0,104.0,104.0,29.17,1.0,2.0,,,,,,,,,,,,,,,,,,,,,,,22.0,Band 66,66486.0,132022.0,10.0,10.0,-101.17,-11.77,-72.42,,,-6.16,7.33,11.38,8.13,2.0,0.0,100.0,0.0,0.0,TM4,11.0,,,,,,,,,,,,,,,23.08,,,,,,,,,,23.08,,,,,,,,,39182.0,NonCA,,Band 66,,,,,
110,2022-08-09 22:18:28.000000,-111.844009,39.673721,,,,,,,,,,,,,,,,,,,,,,,,,,,LTE,,,,LTE Qualcomm,22.0,Band 66,66486.0,132022.0,10.0,10.0,-102.64,-13.11,-71.75,,,-21.18,6.1,11.0,8.0,2.0,0.0,100.0,0.0,0.0,TM4,11.0,4x4,,,,,,,,,0.08,0.07,0.04,0.1,,,0.009,0.076,0.008,0.067,,,0.08,0.1,,,0.009,0.076,0.008,0.067,,,,,39182.0,NonCA,,Band 66,0.002,0.003,132.0,198.0,0.003
111,2022-08-09 22:18:28.100000,-111.844009,39.673721,,,,,,,,,,,,,,,,,,,,,,,,,,,,,,,,22.0,Band 66,66486.0,132022.0,10.0,10.0,-99.75,-10.18,-72.34,17.56,-0.86,-20.6,7.86,10.89,7.56,2.0,0.0,100.0,0.0,0.0,TM4,11.0,,1.6,0.0,22.57,QPSK,QPSK,256QAM,6.0,1.81,,,,,0.0,27.27,,,,,6.0,1.81,,,0.0,27.27,,,,,0.003,,0.001,,39182.0,NonCA,NonCA,Band 66,,,,,
112,2022-08-09 22:18:28.300000,-111.844009,39.673721,,,,,,,,,,,1.0,6.0,212.0,21.0,3.0,69.0,210.0,32.0,4.0,60.0,320.0,30.0,6.0,10.0,314.0,22.0,,,,,,22.0,Band 66,66486.0,132022.0,10.0,10.0,-100.89,-9.81,-74.09,,,-19.33,6.33,10.29,6.14,2.0,14.29,85.71,0.0,0.0,TM4,6.0,,,,,,,,,,,,,,,0.0,,,,,,,,,,0.0,,,,,0.002,,0.0,,39182.0,NonCA,,Band 66,,,,,
113,2022-08-09 22:18:28.400000,-111.844009,39.673721,,,,,,,,,,,,,,,,,,,,,,,,,,,,,,,,22.0,Band 66,66486.0,132022.0,10.0,10.0,-100.7,-11.4,-72.24,,,-21.86,7.08,11.33,2.0,1.0,66.67,33.33,0.0,0.0,TM4,11.0,,11.33,16.0,,64QAM,16QAM,,3.0,,,,,,20.0,,,,,,3.0,,,,20.0,,,,,,,0.003,,,39182.0,NonCA,,Band 66,,,,,
114,2022-08-09 22:18:28.500000,-111.844009,39.673721,,,,,,,,,,,,,,,,,,,,,,,,,,,,,,,,,,,,,,,,,,,,,,,,,,,,,,,,,,,,,,,,,,,,,,,,,,,,,,,,,,,,,,,,,,,0.003,0.002,198.0,132.0,0.002
115,2022-08-09 22:18:28.600000,-111.844009,39.673721,,,,,,,,,,,,,,,,,,,,,,,,,,,,,,,,22.0,Band 66,66486.0,132022.0,10.0,10.0,-102.01,-11.3,-73.36,,,-22.15,7.48,11.67,1.0,1.0,83.33,16.67,0.0,0.0,TM4,6.0,,,,,,,,,,,,,,,0.0,,,,,,,,,,0.0,,,,,0.004,,0.0,0.003,39182.0,NonCA,,Band 66,,,,,
116,2022-08-09 22:18:28.700000,-111.844009,39.673721,,,,,,,,,,,,,,,,,,,,,,,,,,,,,,,,22.0,Band 66,66486.0,132022.0,10.0,10.0,-102.55,-12.59,-72.92,,,-19.65,5.8,11.38,1.63,1.0,75.0,25.0,0.0,0.0,TM4,11.0,,4.33,,,QPSK,,,3.0,,,,,,0.0,16.67,,,,,3.0,,,,0.0,16.67,,,,,,,,,39182.0,NonCA,,Band 66,,,,,
117,2022-08-09 22:18:28.900000,-111.844009,39.673721,-111.84401,39.67372,21:18:26,40.0,104.0,104.0,0.0,1.0,2.0,,,,,,,,,,,,,,,,,,,,,,,22.0,Band 66,66486.0,132022.0,10.0,10.0,-105.54,-12.96,-75.39,,,-21.27,5.95,10.33,1.17,1.0,83.33,16.67,0.0,0.0,TM4,11.0,,,,25.62,,,256QAM,,3.6,,,,,,,,,,,,3.6,,,,,,,,,0.002,,0.0,,39182.0,NonCA,NonCA,Band 66,,,,,
118,2022-08-09 22:18:29.000000,-111.843971,39.673759,,,,,,,,,,,,,,,,,,,,,,,,,,,LTE,,,,LTE Qualcomm,22.0,Band 66,66486.0,132022.0,10.0,10.0,-107.63,-12.3,-78.38,,-0.98,-14.58,4.92,9.29,4.29,2.0,42.86,57.14,0.0,0.0,TM4,6.0,,7.0,8.0,,QPSK,QPSK,,3.0,,0.04,0.04,0.01,0.06,0.0,0.0,0.007,0.051,0.007,0.042,3.0,,0.04,0.06,0.0,0.0,0.007,0.051,0.007,0.042,,,,,39182.0,NonCA,,Band 66,0.002,0.003,132.0,198.0,0.002
119,2022-08-09 22:18:29.100000,-111.843925,39.673798,,,,,,,,,,,,,,,,,,,,,,,,,,,,,,,,22.0,Band 66,66486.0,132022.0,10.0,10.0,-107.13,-12.4,-76.75,,,-19.84,5.5,8.4,5.6,2.0,20.0,80.0,0.0,0.0,TM4,6.0,,,,27.0,,,256QAM,,3.25,,,,,,,,,,,,3.25,,,,,,,,,0.002,,0.0,,39182.0,NonCA,NonCA,Band 66,,,,,
120,2022-08-09 22:18:29.200000,-111.843887,39.67384,,,,,,,,,,,,,,,,,,,,,,,,,,,,,,,,22.0,Band 66,66486.0,132022.0,10.0,10.0,-109.47,-12.09,-79.13,,,-27.31,2.8,11.0,0.0,1.0,100.0,0.0,0.0,0.0,TM4,0.0,,,,,,,,,,,,,,,,,,,,,,,,,,,,,,,,,,39182.0,NonCA,,Band 66,,,,,
121,2022-08-09 22:18:29.300000,-111.843842,39.673878,,,,,,,,,,,1.0,6.0,212.0,21.0,3.0,69.0,210.0,32.0,4.0,60.0,320.0,30.0,6.0,10.0,314.0,22.0,,,,,,22.0,Band 66,66486.0,132022.0,10.0,10.0,-109.73,-13.38,-78.17,17.67,,-16.94,3.03,10.88,0.0,1.0,100.0,0.0,0.0,0.0,TM4,0.0,,3.67,7.0,,QPSK,QPSK,,3.0,,,,,,0.0,0.0,,,,,3.0,,,,0.0,0.0,,,,,0.004,,0.0,,39182.0,NonCA,,Band 66,,,,,
122,2022-08-09 22:18:29.500000,-111.843765,39.673954,,,,,,,,,,,,,,,,,,,,,,,,,,,,,,,,22.0,Band 66,66486.0,132022.0,10.0,10.0,-109.88,-16.99,-75.27,,0.34,-21.17,3.08,10.86,0.0,1.0,100.0,0.0,0.0,0.0,TM4,0.0,,,,,,,,,,,,,,,20.0,,,,,,,,,,20.0,,,,,,,,,39182.0,NonCA,,Band 66,0.003,0.002,198.0,132.0,0.003
123,2022-08-09 22:18:29.600000,-111.843719,39.673992,,,,,,,,,,,,,,,,,,,,,,,,,,,,,,,,22.0,Band 66,66486.0,132022.0,10.0,10.0,-104.71,-12.01,-75.69,,,-18.76,5.05,11.38,0.88,1.0,87.5,12.5,0.0,0.0,TM4,11.0,,11.0,,,64QAM,,,3.0,,,,,,0.0,,,,,,3.0,,,,0.0,,,,,,0.002,,0.0,0.003,39182.0,NonCA,,Band 66,,,,,
124,2022-08-09 22:18:29.800000,-111.843636,39.674072,,,,,,,,,,,,,,,,,,,,,,,,,,,,,,,,22.0,Band 66,66486.0,132022.0,10.0,10.0,-102.49,-13.19,-72.33,,,-20.06,5.22,12.0,3.0,1.0,60.0,40.0,0.0,0.0,TM4,11.0,,,,,,,,,,,,,,,20.0,,,,,,,,,,20.0,,,,,,,,,39182.0,NonCA,,Band 66,,,,,
125,2022-08-09 22:18:29.900000,-111.843597,39.67411,-111.8436,39.67411,21:18:28,40.0,101.0,101.0,55.85,1.0,2.0,,,,,,,,,,,,,,,,,,,,,,,22.0,Band 66,66486.0,132022.0,10.0,10.0,-107.81,-11.91,-76.7,,,-20.59,0.5,7.83,6.83,2.0,14.29,85.71,0.0,0.0,TM4,6.0,,,,,,,,,,,,,,,,,,,,,,,,,,,,,,0.002,0.003,0.0,,39182.0,NonCA,,Band 66,,,,,
126,2022-08-09 22:18:30.000000,-111.843575,39.674129,,,,,,,,,,,,,,,,,,,,,,,,,,,LTE,,,,LTE Qualcomm,22.0,Band 66,66486.0,132022.0,10.0,10.0,-111.29,-17.35,-76.69,,,-7.0,2.47,7.5,0.0,1.0,100.0,0.0,0.0,0.0,TM4,9.0,4x4,6.6,8.0,20.33,QPSK,QPSK,QPSK,3.0,2.8,0.06,0.06,0.01,0.06,16.67,25.0,0.008,0.035,0.008,0.032,3.0,2.8,0.06,0.06,16.67,25.0,0.008,0.035,0.008,0.032,,,,,39182.0,NonCA,NonCA,Band 66,0.002,0.003,132.0,198.0,0.002
127,2022-08-09 22:18:30.100000,-111.843559,39.674149,,,,,,,,,,,,,,,,,,,,,,,,,,,,,,,,22.0,Band 66,66486.0,132022.0,10.0,10.0,-101.59,-13.87,-70.14,,,-21.71,4.71,9.27,5.18,2.0,36.36,63.64,0.0,0.0,TM4,6.0,,,,,,,,,,,,,,,0.0,,,,,,,,,,0.0,,,,,0.002,,0.0,,39182.0,NonCA,,Band 66,,,,,
128,2022-08-09 22:18:30.300000,-111.843513,39.674187,,,,,,,,,,,1.0,6.0,212.0,21.0,3.0,69.0,210.0,33.0,4.0,60.0,320.0,31.0,6.0,10.0,314.0,20.0,,,,,,22.0,Band 66,66486.0,132022.0,10.0,10.0,-98.78,-11.17,-70.59,,-0.2,-20.2,5.6,12.0,8.5,2.0,12.5,87.5,0.0,0.0,TM4,6.0,,3.33,8.0,,QPSK,QPSK,,3.0,,,,,,0.0,,,,,,3.0,,,,0.0,,,,,,0.004,,0.0,,39182.0,NonCA,,Band 66,,,,,
129,2022-08-09 22:18:30.400000,-111.843491,39.674206,,,,,,,,,,,,,,,,,,,,,,,,,,,,,,,,22.0,Band 66,66486.0,132022.0,10.0,10.0,-102.06,-13.84,-71.23,,,-24.3,5.57,12.25,4.0,2.0,50.0,50.0,0.0,0.0,TM4,11.0,,,,22.8,,,256QAM,,2.88,,,,,,0.0,,,,,,2.88,,,,0.0,,,,,,,,,39182.0,NonCA,NonCA,Band 66,,,,,
130,2022-08-09 22:18:30.500000,-111.843475,39.674225,,,,,,,,,,,,,,,,,,,,,,,,,,,,,,,,,,,,,,,,,,,,,,,,,,,,,,,,,,,,,,,,,,,,,,,,,,,,,,,,,,,,,,,,,,,0.003,0.002,198.0,132.0,0.002
131,2022-08-09 22:18:30.600000,-111.843452,39.674244,,,,,,,,,,,,,,,,,,,,,,,,,,,,,,,,22.0,Band 66,66486.0,132022.0,10.0,10.0,-103.81,-12.63,-74.19,18.25,,-22.66,0.85,10.63,0.0,1.0,100.0,0.0,0.0,0.0,TM4,11.0,,4.75,,,QPSK,,,3.0,,,,,,0.0,0.0,,,,,3.0,,,,0.0,0.0,,,,,0.002,,0.0,0.003,39182.0,NonCA,,Band 66,,,,,
132,2022-08-09 22:18:30.800000,-111.843414,39.674282,,,,,,,,,,,,,,,,,,,,,,,,,,,,,,,,22.0,Band 66,66486.0,132022.0,10.0,10.0,-107.56,-14.28,-76.15,,-5.33,-22.91,4.73,9.77,0.69,1.0,92.31,7.69,0.0,0.0,TM4,0.0,,9.25,,,QPSK,,,3.25,,,,,,0.0,0.0,,,,,3.25,,,,0.0,0.0,,,,,0.002,,0.0,,39182.0,NonCA,,Band 66,,,,,
133,2022-08-09 22:18:30.900000,-111.843391,39.674301,-111.84339,39.6743,21:18:29,40.0,98.0,98.0,27.77,1.0,2.0,,,,,,,,,,,,,,,,,,,,,,,,,,,,,,,,,,,,,,,,,,,,,,,,,,,,,,,,,,,,,,,,,,,,,,,,,,,,,,,,,,,,,,
134,2022-08-09 22:18:31.000000,-111.843369,39.67432,,,,,,,,,,,,,,,,,,,,,,,,,,,LTE,,,,LTE Qualcomm,22.0,Band 66,66486.0,132022.0,10.0,10.0,-104.27,-14.65,-72.65,,,0.28,4.63,9.5,8.5,2.0,0.0,100.0,0.0,0.0,TM4,11.0,,,,24.92,,,256QAM,,1.8,0.07,0.07,0.0,0.07,,0.0,0.006,0.054,0.006,0.05,,1.8,0.07,0.07,,0.0,0.006,0.054,0.006,0.05,,,,,39182.0,NonCA,NonCA,Band 66,0.002,0.003,132.0,198.0,0.003
135,2022-08-09 22:18:31.100000,-111.843353,39.674339,,,,,,,,,,,,,,,,,,,,,,,,,,,,,,,,22.0,Band 66,66486.0,132022.0,10.0,10.0,-102.92,-12.05,-73.91,,,-13.68,5.95,10.7,9.3,2.0,0.0,100.0,0.0,0.0,TM4,11.0,,1.88,0.0,,QPSK,QPSK,,3.38,,,,,,0.0,0.0,,,,,3.38,,,,0.0,0.0,,,,,0.005,,0.002,,39182.0,NonCA,,Band 66,,,,,
136,2022-08-09 22:18:31.300000,-111.843315,39.674377,,,,,,,,,,,1.0,6.0,212.0,21.0,3.0,69.0,210.0,34.0,4.0,60.0,320.0,32.0,6.0,10.0,314.0,24.0,,,,,,22.0,Band 66,66486.0,132022.0,10.0,10.0,-99.35,-11.1,-71.27,,,-14.38,9.67,12.29,11.71,2.0,0.0,100.0,0.0,0.0,TM4,6.0,,,,,,,,,,,,,,,0.0,,,,,,,,,,0.0,,,,,,0.003,,,39182.0,NonCA,,Band 66,,,,,
137,2022-08-09 22:18:31.400000,-111.843292,39.674397,,,,,,,,,,,,,,,,,,,,,,,,,,,,,,,,22.0,Band 66,66486.0,132022.0,10.0,10.0,-98.59,-12.48,-69.11,,-7.86,-19.27,7.88,11.88,11.25,2.0,0.0,100.0,0.0,0.0,TM4,6.0,,9.33,,24.83,16QAM,,256QAM,3.0,2.33,,,,,0.0,,,,,,3.0,2.33,,,0.0,,,,,,0.002,,0.0,,39182.0,NonCA,NonCA,Band 66,,,,,
138,2022-08-09 22:18:31.500000,-111.843277,39.674416,,,,,,,,,,,,,,,,,,,,,,,,,,,,,,,,,,,,,,,,,,,,,,,,,,,,,,,,,,,,,,,,,,,,,,,,,,,,,,,,,,,,,,,,,,,0.003,0.002,198.0,132.0,0.002
139,2022-08-09 22:18:31.600000,-111.843262,39.674435,,,,,,,,,,,,,,,,,,,,,,,,,,,,,,,,22.0,Band 66,66486.0,132022.0,10.0,10.0,-99.17,-11.03,-70.56,,,-15.89,6.57,11.44,11.78,2.0,0.0,100.0,0.0,0.0,TM4,6.0,,,,,,,,,,,,,,,20.0,,,,,,,,,,20.0,,,,,0.002,,0.0,0.003,39182.0,NonCA,,Band 66,,,,,
140,2022-08-09 22:18:31.800000,-111.843224,39.674473,,,,,,,,,,,,,,,,,,,,,,,,,,,,,,,,22.0,Band 66,66486.0,132022.0,10.0,10.0,-101.18,-12.39,-71.79,,,-19.69,6.56,9.89,10.22,2.0,0.0,100.0,0.0,0.0,TM4,6.0,,5.67,,19.0,QPSK,,256QAM,3.0,3.17,,,,,0.0,0.0,,,,,3.0,3.17,,,0.0,0.0,,,,,,,,,39182.0,NonCA,NonCA,Band 66,,,,,
141,2022-08-09 22:18:31.900000,-111.843201,39.674492,-111.8432,39.67449,21:18:30,39.0,95.0,95.0,26.69,1.0,2.0,,,,,,,,,,,,,,,,,,,,,,,,,,,,,,,,,,,,,,,,,,,,,,,,,,,,,,,,,,,,,,,,,,,,,,,,,,,,,,,,,,,,,,
142,2022-08-09 22:18:32.000000,-111.843178,39.674511,,,,,,,,,,,,,,,,,,,,,,,,,,,LTE,,,,LTE Qualcomm,22.0,Band 66,66486.0,132022.0,10.0,10.0,-103.25,-13.71,-72.56,16.82,,-16.85,5.73,9.67,10.56,2.0,0.0,100.0,0.0,0.0,TM4,6.0,4x4,,,,,,,,,0.05,0.05,0.01,0.06,,,0.015,0.045,0.011,0.032,,,0.05,0.06,,,0.015,0.045,0.011,0.032,0.002,,0.0,,39182.0,NonCA,,Band 66,0.002,0.003,132.0,198.0,0.003
143,2022-08-09 22:18:32.100000,-111.843163,39.674526,,,,,,,,,,,,,,,,,,,,,,,,,,,,,,,,22.0,Band 66,66486.0,132022.0,10.0,10.0,-104.19,-17.5,-69.69,,,-14.0,7.9,13.0,11.0,2.0,0.0,100.0,0.0,0.0,TM4,11.0,,11.33,19.0,,64QAM,64QAM,,3.0,,,,,,0.0,,,,,,3.0,,,,0.0,,,,,,,,,,39182.0,NonCA,,Band 66,,,,,
144,2022-08-09 22:18:32.200000,-111.84314,39.674545,,,,,,,,,,,,,,,,,,,,,,,,,,,,,,,,22.0,Band 66,66486.0,132022.0,10.0,10.0,-102.8,-14.15,-71.69,,-14.07,-15.76,5.47,10.44,9.39,2.0,0.0,100.0,0.0,0.0,TM4,6.0,,5.67,,,QPSK,,,3.0,,,,,,0.0,18.18,,,,,3.0,,,,0.0,18.18,,,,,0.004,,0.0,,39182.0,NonCA,,Band 66,,,,,
145,2022-08-09 22:18:32.400000,-111.843109,39.674583,,,,,,,,,,,1.0,6.0,212.0,21.0,3.0,69.0,210.0,33.0,4.0,60.0,320.0,29.0,6.0,10.0,314.0,24.0,,,,,,22.0,Band 66,66486.0,132022.0,10.0,10.0,-104.15,-12.5,-74.69,,,-21.8,5.67,9.5,9.75,2.0,0.0,100.0,0.0,0.0,TM4,6.0,,,,22.14,,,QPSK,,2.64,,,,,,20.0,,,,,,2.64,,,,20.0,,,,,0.002,,0.0,,39182.0,NonCA,NonCA,Band 66,,,,,
146,2022-08-09 22:18:32.500000,-111.843086,39.674599,,,,,,,,,,,,,,,,,,,,,,,,,,,,,,,,,,,,,,,,,,,,,,,,,,,,,,,,,,,,,,,,,,,,,,,,,,,,,,,,,,,,,,,,,,,0.003,0.002,198.0,132.0,0.002
147,2022-08-09 22:18:32.600000,-111.843071,39.674618,,,,,,,,,,,,,,,,,,,,,,,,,,,,,,,,22.0,Band 66,66486.0,132022.0,10.0,10.0,-102.64,-12.64,-72.97,,,-14.37,5.62,11.0,8.89,2.0,0.0,100.0,0.0,0.0,TM4,6.0,,9.33,,,16QAM,,,3.0,,,,,,0.0,,,,,,3.0,,,,0.0,,,,,,0.002,,0.0,0.003,39182.0,NonCA,,Band 66,,,,,
148,2022-08-09 22:18:32.800000,-111.843033,39.674652,,,,,,,,,,,,,,,,,,,,,,,,,,,,,,,,22.0,Band 66,66486.0,132022.0,10.0,10.0,-100.38,-8.77,-74.58,,-12.52,-18.33,7.98,11.3,10.8,2.0,0.0,100.0,0.0,0.0,TM4,6.0,,,,,,,,,,,,,,,0.0,,,,,,,,,,0.0,,,,,,0.003,,,39182.0,NonCA,,Band 66,,,,,
149,2022-08-09 22:18:32.900000,-111.84301,39.674671,-111.84301,39.67467,21:18:31,40.0,93.0,93.0,25.82,1.0,2.0,,,,,,,,,,,,,,,,,,,,,,,22.0,Band 66,66486.0,132022.0,10.0,10.0,-102.56,-10.09,-75.06,,,-21.15,7.05,10.29,10.14,2.0,0.0,100.0,0.0,0.0,TM4,6.0,,14.25,21.0,,64QAM,64QAM,,3.0,,,,,,42.86,20.0,,,,,3.0,,,,42.86,20.0,,,,,0.002,,0.0,,39182.0,NonCA,,Band 66,,,,,
150,2022-08-09 22:18:33.000000,-111.842987,39.674686,,,,,,,,,,,,,,,,,,,,,,,,,,,LTE,,,,LTE Qualcomm,22.0,Band 66,66486.0,132022.0,10.0,10.0,-103.12,-10.55,-74.98,,,-12.29,7.86,10.0,7.13,2.0,25.0,75.0,0.0,0.0,TM4,6.0,4x4,,,22.33,,,256QAM,,2.22,0.06,0.06,0.02,0.08,,18.18,0.007,0.043,0.007,0.038,,1.92,0.06,0.08,,18.18,0.007,0.043,0.007,0.038,,,,,39182.0,NonCA,NonCA,Band 66,0.002,0.003,132.0,198.0,0.003
151,2022-08-09 22:18:33.200000,-111.842949,39.674721,,,,,,,,,,,,,,,,,,,,,,,,,,,,,,,,22.0,Band 66,66486.0,132022.0,10.0,10.0,-97.77,-9.85,-70.93,14.89,,-25.28,7.62,9.2,6.0,2.0,30.0,70.0,0.0,0.0,TM4,6.0,,4.4,2.67,,QPSK,QPSK,,3.6,,,,,,0.0,0.0,,,,,3.6,,,,0.0,0.0,,,,,0.003,,0.001,,39182.0,NonCA,,Band 66,,,,,
152,2022-08-09 22:18:33.300000,-111.842934,39.67474,,,,,,,,,,,,,,,,,,,,,,,,,,,,,,,,22.0,Band 66,66486.0,132022.0,10.0,10.0,-95.88,-11.59,-67.28,,,-25.4,8.6,9.5,7.0,2.0,25.0,75.0,0.0,0.0,TM4,6.0,,,,,,,,,,,,,,,20.0,,,,,,,,,,20.0,,,,,,,,,39182.0,NonCA,,Band 66,,,,,
153,2022-08-09 22:18:33.400000,-111.842911,39.674755,,,,,,,,,,,1.0,6.0,212.0,21.0,3.0,68.0,209.0,31.0,4.0,61.0,321.0,29.0,6.0,10.0,313.0,25.0,,,,,,22.0,Band 66,66486.0,132022.0,10.0,10.0,-95.6,-9.22,-69.38,,-14.61,-28.02,8.14,9.33,9.67,2.0,0.0,100.0,0.0,0.0,TM4,6.0,,,,,,,,,,,,,,,,,,,,,,,,,,,,,,0.004,,0.0,,39182.0,NonCA,,Band 66,,,,,
154,2022-08-09 22:18:33.500000,-111.842896,39.67477,,,,,,,,,,,,,,,,,,,,,,,,,,,,,,,,,,,,,,,,,,,,,,,,,,,,,,,,,,,,,,,,,,,,,,,,,,,,,,,,,,,,,,,,,,,0.003,0.002,198.0,132.0,0.004
155,2022-08-09 22:18:33.600000,-111.84288,39.674789,,,,,,,,,,,,,,,,,,,,,,,,,,,,,,,,22.0,Band 66,66486.0,132022.0,10.0,10.0,-96.29,-9.75,-69.54,,,-29.18,7.56,8.63,9.5,2.0,0.0,100.0,0.0,0.0,TM4,6.0,,5.67,,,QPSK,,,3.0,,,,,,0.0,0.0,,,,,3.0,,,,0.0,0.0,,,,,,,,0.003,39182.0,NonCA,,Band 66,,,,,
156,2022-08-09 22:18:33.700000,-111.842857,39.674805,,,,,,,,,,,,,,,,,,,,,,,,,,,,,,,,22.0,Band 66,66486.0,132022.0,10.0,10.0,-96.22,-9.33,-69.89,,,-27.35,7.1,9.0,10.0,2.0,0.0,100.0,0.0,0.0,TM4,6.0,,,,19.5,,,64QAM,,3.14,,,,,,,,,,,,3.14,,,,,,,,,0.002,,0.0,,39182.0,NonCA,NonCA,Band 66,,,,,
157,2022-08-09 22:18:33.900000,-111.842819,39.674839,-111.84282,39.67484,21:18:32,40.0,90.0,90.0,24.96,1.0,2.0,,,,,,,,,,,,,,,,,,,,,,,22.0,Band 66,66486.0,132022.0,10.0,10.0,-96.74,-8.86,-70.88,,,-29.69,7.5,9.0,9.83,2.0,0.0,100.0,0.0,0.0,TM4,6.0,,9.33,,,16QAM,,,3.0,,,,,,0.0,0.0,,,,,3.0,,,,0.0,0.0,,,,,,,,,39182.0,NonCA,,Band 66,,,,,
158,2022-08-09 22:18:34.000000,-111.842796,39.674858,,,,,,,,,,,,,,,,,,,,,,,,,,,LTE,,,,LTE Qualcomm,22.0,Band 66,66486.0,132022.0,10.0,10.0,-98.65,-10.1,-71.56,,,-29.58,5.41,8.13,9.38,2.0,0.0,100.0,0.0,0.0,TM4,6.0,,,,,,,,,,0.11,0.11,0.07,0.06,,,0.065,0.029,0.007,0.026,,,0.11,0.06,,,0.065,0.029,0.007,0.026,0.002,,0.0,,39182.0,NonCA,,Band 66,0.002,0.003,132.0,198.0,0.002
159,2022-08-09 22:18:34.200000,-111.842758,39.674892,,,,,,,,,,,,,,,,,,,,,,,,,,,,,,,,22.0,Band 66,66486.0,132022.0,10.0,10.0,-100.61,-9.66,-73.73,,-18.0,-26.19,5.13,7.29,9.0,2.0,0.0,100.0,0.0,0.0,TM4,6.0,,6.5,26.0,,QPSK,64QAM,,8.25,,,,,,0.0,0.0,,,,,8.25,,,,0.0,0.0,,,,,0.002,0.003,0.0,,39182.0,NonCA,,Band 66,,,,,
160,2022-08-09 22:18:34.300000,-111.842743,39.674908,,,,,,,,,,,,,,,,,,,,,,,,,,,,,,,,22.0,Band 66,66486.0,132022.0,10.0,10.0,-101.85,-11.22,-73.46,,,-30.62,4.33,7.6,9.0,2.0,0.0,100.0,0.0,0.0,TM4,6.0,,,,,,,,,,,,,,,,,,,,,,,,,,,,,,,,,,39182.0,NonCA,,Band 66,,,,,
161,2022-08-09 22:18:34.400000,-111.842728,39.674927,,,,,,,,,,,1.0,6.0,212.0,21.0,3.0,68.0,209.0,30.0,4.0,61.0,321.0,29.0,6.0,10.0,313.0,27.0,,,,,,22.0,Band 66,66486.0,132022.0,10.0,10.0,-103.88,-12.18,-74.32,,,-26.23,5.66,7.2,8.4,2.0,0.0,100.0,0.0,0.0,TM4,6.0,,2.5,5.0,13.4,QPSK,QPSK,64QAM,4.5,3.13,,,,,0.0,0.0,,,,,4.5,3.13,,,0.0,0.0,,,,,0.004,,0.0,,39182.0,NonCA,NonCA,Band 66,,,,,
162,2022-08-09 22:18:34.500000,-111.842705,39.674942,,,,,,,,,,,,,,,,,,,,,,,,,,,,,,,,22.0,Band 66,66486.0,132022.0,10.0,10.0,-103.23,-12.6,-73.67,,,-26.55,3.83,9.5,5.0,2.0,50.0,50.0,0.0,0.0,TM4,6.0,,,,,,,,,,,,,,,,,,,,,,,,,,,,,,,,,0.003,39182.0,NonCA,,Band 66,0.003,0.002,198.0,132.0,0.003
163,2022-08-09 22:18:34.600000,-111.84269,39.674957,,,,,,,,,,,,,,,,,,,,,,,,,,,,,,,,22.0,Band 66,66486.0,132022.0,10.0,10.0,-100.19,-11.06,-72.16,14.26,,-24.22,5.63,8.0,8.5,2.0,0.0,100.0,0.0,0.0,TM4,6.0,,,,,,,,,,,,,,,,,,,,,,,,,,,,,,,,,,39182.0,NonCA,,Band 66,,,,,
164,2022-08-09 22:18:34.700000,-111.842667,39.674976,,,,,,,,,,,,,,,,,,,,,,,,,,,,,,,,22.0,Band 66,66486.0,132022.0,10.0,10.0,-102.14,-11.52,-73.24,,-16.26,-26.34,4.08,7.29,9.0,2.0,0.0,100.0,0.0,0.0,TM4,6.0,,5.25,9.0,,QPSK,QPSK,,3.0,,,,,,0.0,20.0,,,,,3.0,,,,0.0,20.0,,,,,0.002,,0.0,,39182.0,NonCA,,Band 66,,,,,
165,2022-08-09 22:18:34.800000,-111.842651,39.674992,,,,,,,,,,,,,,,,,,,,,,,,,,,,,,,,22.0,Band 66,66486.0,132022.0,10.0,10.0,-104.96,-12.28,-75.4,,,-23.61,3.55,8.5,7.67,2.0,16.67,83.33,0.0,0.0,TM4,6.0,,,,,,,,,,,,,,,0.0,,,,,,,,,,0.0,,,,,,,,,39182.0,NonCA,,Band 66,,,,,
166,2022-08-09 22:18:34.900000,-111.842628,39.675011,-111.84263,39.67501,21:18:33,40.0,87.0,87.0,24.96,1.0,2.0,,,,,,,,,,,,,,,,,,,,,,,,,,,,,,,,,,,,,,,,,,,,,,,,,,,,,,,,,,,,,,,,,,,,,,,,,,,,,,,,,,,,,,
167,2022-08-09 22:18:35.000000,-111.842613,39.675026,,,,,,,,,,,,,,,,,,,,,,,,,,,LTE,,,,LTE Qualcomm,22.0,Band 66,66486.0,132022.0,10.0,10.0,-103.95,-11.7,-74.4,,,-26.73,2.86,10.17,2.83,1.0,66.67,33.33,0.0,0.0,TM4,0.0,4x2,3.33,,16.0,QPSK,,64QAM,4.0,3.27,0.07,0.07,0.0,0.07,0.0,,0.006,0.03,0.006,0.025,4.0,3.27,0.07,0.07,0.0,,0.006,0.03,0.006,0.025,0.002,,0.0,,39182.0,NonCA,NonCA,Band 66,0.002,0.003,132.0,198.0,0.002
168,2022-08-09 22:18:35.200000,-111.842575,39.67506,,,,,,,,,,,,,,,,,,,,,,,,,,,,,,,,22.0,Band 66,66486.0,132022.0,10.0,10.0,-105.61,-13.5,-75.1,,,-22.55,2.13,11.29,0.0,1.0,100.0,0.0,0.0,0.0,TM4,4.0,,,,,,,,,,,,,,,0.0,,,,,,,,,,0.0,,,,,0.004,,,,39182.0,NonCA,,Band 66,,,,,
169,2022-08-09 22:18:35.300000,-111.84256,39.675076,,,,,,,,,,,,,,,,,,,,,,,,,,,,,,,,22.0,Band 66,66486.0,132022.0,10.0,10.0,-108.28,-14.38,-76.76,,,-22.87,1.83,9.75,0.0,1.0,100.0,0.0,0.0,0.0,TM4,4.0,,4.75,,,QPSK,,,3.75,,,,,,0.0,0.0,,,,,3.75,,,,0.0,0.0,,,,,,,0.0,,39182.0,NonCA,,Band 66,,,,,
170,2022-08-09 22:18:35.400000,-111.842545,39.675091,,,,,,,,,,,1.0,6.0,212.0,21.0,3.0,68.0,209.0,31.0,4.0,61.0,321.0,27.0,6.0,10.0,313.0,26.0,,,,,,22.0,Band 66,66486.0,132022.0,10.0,10.0,-107.65,-14.04,-75.21,,-12.0,-17.71,3.63,7.43,4.86,2.0,42.86,57.14,0.0,0.0,TM4,6.0,,,,,,,,,,,,,,,,,,,,,,,,,,,,,,0.002,,,,39182.0,NonCA,,Band 66,,,,,
171,2022-08-09 22:18:35.500000,-111.842529,39.675106,,,,,,,,,,,,,,,,,,,,,,,,,,,,,,,,22.0,Band 66,66486.0,132022.0,10.0,10.0,-100.83,-11.89,-71.94,,,-23.55,6.92,8.14,9.43,2.0,0.0,100.0,0.0,0.0,TM4,6.0,,,,,,,,,,,,,,,20.0,,,,,,,,,,20.0,,,,,,,0.0,0.003,39182.0,NonCA,,Band 66,0.003,0.002,198.0,132.0,0.003
172,2022-08-09 22:18:35.600000,-111.842514,39.675121,,,,,,,,,,,,,,,,,,,,,,,,,,,,,,,,22.0,Band 66,66486.0,132022.0,10.0,10.0,-101.57,-10.89,-73.68,,,-23.5,6.83,8.0,9.0,2.0,0.0,100.0,0.0,0.0,TM4,6.0,,4.0,,16.88,QPSK,,64QAM,4.5,3.27,,,,,0.0,,,,,,4.5,3.27,,,0.0,,,,,,0.002,0.003,0.0,,39182.0,NonCA,NonCA,Band 66,,,,,
173,2022-08-09 22:18:35.800000,-111.842476,39.675156,,,,,,,,,,,,,,,,,,,,,,,,,,,,,,,,22.0,Band 66,66486.0,132022.0,10.0,10.0,-104.08,-12.28,-74.81,19.07,,-23.17,5.08,7.11,8.89,2.0,0.0,100.0,0.0,0.0,TM4,6.0,,,,,,,,,,,,,,,25.0,,,,,,,,,,25.0,,,,,,,,,39182.0,NonCA,,Band 66,,,,,
174,2022-08-09 22:18:35.900000,-111.842461,39.675171,-111.84246,39.67517,21:18:34,39.0,83.0,83.0,23.01,1.0,2.0,,,,,,,,,,,,,,,,,,,,,,,22.0,Band 66,66486.0,132022.0,10.0,10.0,-108.56,-12.71,-78.52,,-10.58,-24.35,4.0,6.67,7.67,2.0,0.0,100.0,0.0,0.0,TM4,6.0,,2.5,9.0,,QPSK,QPSK,,3.0,,,,,,0.0,0.0,,,,,3.0,,,,0.0,0.0,,,,,0.005,,0.002,,39182.0,NonCA,,Band 66,,,,,
175,2022-08-09 22:18:36.000000,-111.842461,39.675171,,,,,,,,,,,,,,,,,,,,,,,,,,,LTE,,,,LTE Qualcomm,,,,,,,,,,,,,,,,,,,,,,,,,,,,,,,,0.09,0.09,0.06,0.07,,,0.008,0.025,0.008,0.019,,,0.09,0.07,,,0.008,0.025,0.008,0.019,,,,,,,,,0.002,0.003,132.0,198.0,0.002
176,2022-08-09 22:18:36.100000,-111.842461,39.675171,,,,,,,,,,,,,,,,,,,,,,,,,,,,,,,,22.0,Band 66,66486.0,132022.0,10.0,10.0,-109.55,-14.63,-77.06,,,-15.87,2.61,6.33,8.0,2.0,0.0,100.0,0.0,0.0,TM4,6.0,,,,,,,,,,,,,,,,,,,,,,,,,,,,,,,,,,39182.0,NonCA,,Band 66,,,,,
177,2022-08-09 22:18:36.200000,-111.842461,39.675171,,,,,,,,,,,,,,,,,,,,,,,,,,,,,,,,22.0,Band 66,66486.0,132022.0,10.0,10.0,-107.5,-11.75,-78.03,,,-11.95,3.0,8.0,5.75,2.0,25.0,75.0,0.0,0.0,TM4,6.0,,1.5,3.67,9.11,QPSK,QPSK,16QAM,6.75,2.83,,,,,0.0,0.0,,,,,6.75,2.83,,,0.0,0.0,,,,,0.002,,0.0,,39182.0,NonCA,NonCA,Band 66,,,,,
178,2022-08-09 22:18:36.400000,-111.842461,39.675171,,,,,,,,,,,1.0,6.0,212.0,21.0,3.0,68.0,209.0,30.0,4.0,61.0,321.0,26.0,6.0,10.0,313.0,26.0,,,,,,22.0,Band 66,66486.0,132022.0,10.0,10.0,-107.13,-11.7,-77.28,,,-13.49,2.45,8.8,3.8,2.0,50.0,50.0,0.0,0.0,TM4,6.0,,,,,,,,,,,,,,,20.0,,,,,,,,,,20.0,,,,,,,,,39182.0,NonCA,,Band 66,,,,,
179,2022-08-09 22:18:36.500000,-111.842461,39.675171,,,,,,,,,,,,,,,,,,,,,,,,,,,,,,,,,,,,,,,,,,,,,,,,,,,,,,,,,,,,,,,,,,,,,,,,,,,,,,,,,,,,,,,,,,,0.003,0.002,198.0,132.0,0.003
180,2022-08-09 22:18:36.600000,-111.842461,39.675171,,,,,,,,,,,,,,,,,,,,,,,,,,,,,,,,22.0,Band 66,66486.0,132022.0,10.0,10.0,-109.14,-12.88,-77.42,,,-16.15,2.39,6.67,8.22,2.0,0.0,100.0,0.0,0.0,TM4,6.0,,2.0,,,QPSK,,,5.0,,,,,,0.0,,,,,,5.0,,,,0.0,,,,,,0.002,,0.0,0.003,39182.0,NonCA,,Band 66,,,,,
181,2022-08-09 22:18:36.700000,-111.842461,39.675171,,,,,,,,,,,,,,,,,,,,,,,,,,,,,,,,22.0,Band 66,66486.0,132022.0,10.0,10.0,-109.27,-13.39,-77.8,,-8.82,-13.0,1.33,7.33,5.11,2.0,37.5,62.5,0.0,0.0,TM4,6.0,,,,,,,,,,,,,,,0.0,,,,,,,,,,0.0,,,,,0.002,,0.0,,39182.0,NonCA,,Band 66,,,,,
182,2022-08-09 22:18:36.800000,-111.842461,39.675171,,,,,,,,,,,,,,,,,,,,,,,,,,,,,,,,22.0,Band 66,66486.0,132022.0,10.0,10.0,-109.56,-13.35,-77.41,,,-12.08,1.15,9.0,1.5,1.0,77.78,22.22,0.0,0.0,TM4,4.0,,4.67,9.5,12.38,QPSK,16QAM,16QAM,3.0,3.07,,,,,0.0,16.67,,,,,3.0,3.07,,,0.0,16.67,,,,,,,,,39182.0,NonCA,NonCA,Band 66,,,,,
183,2022-08-09 22:18:36.900000,-111.842461,39.675171,-111.84246,39.67517,21:18:34,39.0,83.0,83.0,0.0,1.0,2.0,,,,,,,,,,,,,,,,,,,,,,,,,,,,,,,,,,,,,,,,,,,,,,,,,,,,,,,,,,,,,,,,,,,,,,,,,,,,,,,,,,,,,,
184,2022-08-09 22:18:37.000000,-111.84243,39.675201,,,,,,,,,,,,,,,,,,,,,,,,,,,LTE,,,,LTE Qualcomm,22.0,Band 66,66486.0,132022.0,10.0,10.0,-108.2,-14.3,-76.75,,,-11.0,2.01,7.4,5.7,2.0,30.0,70.0,0.0,0.0,TM4,6.0,4x4,,,,,,,,,0.07,0.07,0.01,0.09,,33.33,0.007,0.014,0.007,0.012,,,0.07,0.09,,33.33,0.007,0.014,0.007,0.012,0.004,,0.0,,39182.0,NonCA,,Band 66,0.002,0.003,132.0,198.0,0.002
185,2022-08-09 22:18:37.200000,-111.842361,39.675259,,,,,,,,,,,,,,,,,,,,,,,,,,,,,,,,22.0,Band 66,66486.0,132022.0,10.0,10.0,-109.34,-14.49,-77.57,20.53,,-15.4,1.38,7.78,4.33,2.0,44.44,55.56,0.0,0.0,TM4,6.0,,3.33,,,QPSK,,,4.0,,,,,,0.0,,,,,,4.0,,,,0.0,,,,,,,0.003,,,39182.0,NonCA,,Band 66,,,,,
186,2022-08-09 22:18:37.300000,-111.842331,39.675285,,,,,,,,,,,1.0,6.0,212.0,21.0,3.0,68.0,209.0,28.0,4.0,61.0,321.0,25.0,6.0,10.0,313.0,23.0,,,,,,22.0,Band 66,66486.0,132022.0,10.0,10.0,-111.58,-16.59,-77.97,,-7.17,-7.95,0.2,8.25,0.0,1.0,100.0,0.0,0.0,0.0,TM4,4.0,,,,,,,,,,,,,,,0.0,,,,,,,,,,0.0,,,,,0.002,,0.0,,39182.0,NonCA,,Band 66,,,,,
187,2022-08-09 22:18:37.400000,-111.8423,39.675316,,,,,,,,,,,,,,,,,,,,,,,,,,,,,,,,22.0,Band 66,66486.0,132022.0,10.0,10.0,-112.31,-15.47,-79.7,,,-16.17,1.16,8.5,1.17,1.0,83.33,16.67,0.0,0.0,TM4,4.0,,2.8,11.0,4.91,QPSK,16QAM,16QAM,3.5,3.57,,,,,0.0,0.0,,,,,3.5,3.57,,,0.0,0.0,,,,,,,,,39182.0,NonCA,NonCA,Band 66,,,,,
188,2022-08-09 22:18:37.500000,-111.84227,39.675346,,,,,,,,,,,,,,,,,,,,,,,,,,,,,,,,22.0,Band 66,66486.0,132022.0,10.0,10.0,-111.97,-14.96,-80.02,,,-16.27,-0.39,8.25,1.5,1.0,75.0,25.0,0.0,0.0,TM4,4.0,,,,,,,,,,,,,,,0.0,,,,,,,,,,0.0,,,,,0.002,,0.0,0.003,39182.0,NonCA,,Band 66,0.003,0.002,198.0,132.0,0.003
189,2022-08-09 22:18:37.600000,-111.842239,39.675373,,,,,,,,,,,,,,,,,,,,,,,,,,,,,,,,22.0,Band 66,66486.0,132022.0,10.0,10.0,-112.79,-16.23,-79.35,,,-16.65,0.69,6.86,5.0,2.0,28.57,71.43,0.0,0.0,TM4,6.0,,,,,,,,,,,,,,,,,,,,,,,,,,,,,,,,,,39182.0,NonCA,,Band 66,,,,,
190,2022-08-09 22:18:37.800000,-111.842171,39.67543,,,,,,,,,,,,,,,,,,,,,,,,,,,,,,,,22.0,Band 66,66486.0,132022.0,10.0,10.0,-112.17,-16.0,-79.11,,-5.5,-16.0,-0.4,7.0,3.8,2.0,40.0,60.0,0.0,0.0,TM4,6.0,,5.0,,,QPSK,,,3.0,,,,,,0.0,20.0,,,,,3.0,,,,0.0,20.0,,,,,0.002,,0.0,,39182.0,NonCA,,Band 66,,,,,
191,2022-08-09 22:18:37.900000,-111.84214,39.675461,-111.84214,39.67546,21:18:36,39.0,75.0,75.0,42.35,1.0,2.0,,,,,,,,,,,,,,,,,,,,,,,22.0,Band 66,66486.0,132022.0,10.0,10.0,-112.69,-15.75,-79.44,,,-11.81,-0.49,7.38,2.25,1.0,62.5,37.5,0.0,0.0,TM4,4.0,,,,6.25,,,QPSK,,2.77,,,,,,0.0,,,,,,2.77,,,,0.0,,,,,0.004,,0.0,,39182.0,NonCA,NonCA,Band 66,,,,,
192,2022-08-09 22:18:38.000000,-111.842125,39.675476,,,,,,,,,,,,,,,,,,,,,,,,,,,LTE,,,,LTE Qualcomm,22.0,Band 66,66486.0,132022.0,10.0,10.0,-112.33,-17.89,-77.25,22.14,,6.88,-1.1,8.6,0.0,1.0,100.0,0.0,0.0,0.0,TM4,4.0,4x4,2.75,7.0,7.63,QPSK,QPSK,16QAM,4.13,3.89,0.1,0.1,0.01,0.23,0.0,0.0,0.006,0.05,0.006,0.039,4.13,3.89,0.1,0.23,0.0,0.0,0.006,0.05,0.006,0.039,,,,,39182.0,NonCA,NonCA,Band 66,0.002,0.003,132.0,198.0,0.002
193,2022-08-09 22:18:38.100000,-111.84211,39.675488,,,,,,,,,,,,,,,,,,,,,,,,,,,,,,,,22.0,Band 66,66486.0,132022.0,10.0,10.0,-111.2,-16.23,-77.67,,,-8.65,-0.71,8.0,0.0,1.0,100.0,0.0,0.0,0.0,TM4,4.0,,,,,,,,,,,,,,,21.05,,,,,,,,,,21.05,,,,,,,,,39182.0,NonCA,,Band 66,,,,,
194,2022-08-09 22:18:38.300000,-111.842087,39.675514,,,,,,,,,,,,,,,,,,,,,,,,,,,,,,,,22.0,Band 66,66486.0,132022.0,10.0,10.0,-110.96,-15.39,-77.72,,,-23.9,-0.21,6.5,4.5,2.0,25.0,75.0,0.0,0.0,TM4,6.0,,0.5,,11.63,QPSK,,16QAM,5.5,3.25,,,,,0.0,42.86,,,,,5.5,3.25,,,0.0,42.86,,,,,0.003,,0.001,,39182.0,NonCA,NonCA,Band 66,,,,,
195,2022-08-09 22:18:38.400000,-111.842072,39.675529,,,,,,,,,,,1.0,6.0,212.0,21.0,3.0,68.0,209.0,30.0,4.0,61.0,321.0,28.0,6.0,10.0,313.0,24.0,,,,,,22.0,Band 66,66486.0,132022.0,10.0,10.0,-112.96,-15.24,-79.4,,,-20.13,0.37,6.8,6.0,2.0,0.0,100.0,0.0,0.0,TM4,6.0,,,,,,,,,,,,,,,,,,,,,,,,,,,,,,,,,,39182.0,NonCA,,Band 66,,,,,
196,2022-08-09 22:18:38.500000,-111.842056,39.675545,,,,,,,,,,,,,,,,,,,,,,,,,,,,,,,,22.0,Band 66,66486.0,132022.0,10.0,10.0,-112.76,-15.29,-79.67,21.9,-4.0,-18.57,1.23,6.0,6.0,2.0,0.0,100.0,0.0,0.0,TM4,6.0,,,,,,,,,,,,,,,0.0,,,,,,,,,,0.0,,,,,0.002,,0.0,0.003,39182.0,NonCA,,Band 66,0.003,0.002,198.0,132.0,0.003
197,2022-08-09 22:18:38.600000,-111.842041,39.675556,,,,,,,,,,,,,,,,,,,,,,,,,,,,,,,,22.0,Band 66,66486.0,132022.0,10.0,10.0,-111.09,-14.44,-78.86,,-3.5,-19.81,2.05,6.5,5.83,2.0,16.67,83.33,0.0,0.0,TM4,6.0,,3.67,6.0,,QPSK,QPSK,,3.0,,,,,,0.0,,,,,,3.0,,,,0.0,,,,,,,0.003,,,39182.0,NonCA,,Band 66,,,,,
198,2022-08-09 22:18:38.700000,-111.842033,39.675571,,,,,,,,,,,,,,,,,,,,,,,,,,,,,,,,22.0,Band 66,66486.0,132022.0,10.0,10.0,-109.06,-13.33,-78.73,,,-19.44,1.67,6.57,6.0,2.0,14.29,85.71,0.0,0.0,TM4,6.0,,,,4.22,,,QPSK,,2.69,,,,,,0.0,,,,,,2.69,,,,0.0,,,,,0.002,,0.0,,39182.0,NonCA,NonCA,Band 66,,,,,
199,2022-08-09 22:18:38.900000,-111.842003,39.675598,-111.842,39.6756,21:18:37,38.0,71.0,71.0,19.67,1.0,2.0,,,,,,,,,,,,,,,,,,,,,,,22.0,Band 66,66486.0,132022.0,10.0,10.0,-109.7,-13.58,-78.96,,,-23.39,3.49,9.5,0.0,1.0,100.0,0.0,0.0,0.0,TM4,6.0,,1.67,9.0,,QPSK,QPSK,,3.0,,,,,,0.0,,,,,,3.0,,,,0.0,,,,,,,,,,39182.0,NonCA,,Band 66,,,,,
200,2022-08-09 22:18:39.000000,-111.841988,39.675613,,,,,,,,,,,,,,,,,,,,,,,,,,,LTE,,,,LTE Qualcomm,22.0,Band 66,66486.0,132022.0,10.0,10.0,-110.15,-13.16,-79.95,,,-20.56,2.66,8.75,1.5,1.0,75.0,25.0,0.0,0.0,TM4,6.0,,,,,,,,,,0.04,0.04,0.0,0.05,,20.0,0.006,0.016,0.006,0.014,,,0.04,0.05,,20.0,0.006,0.016,0.006,0.014,0.004,,0.0,,39182.0,NonCA,,Band 66,0.002,0.003,132.0,198.0,0.002
201,2022-08-09 22:18:39.200000,-111.841957,39.67564,,,,,,,,,,,,,,,,,,,,,,,,,,,,,,,,22.0,Band 66,66486.0,132022.0,10.0,10.0,-108.16,-12.83,-78.11,,-4.26,-22.14,4.4,8.71,4.86,2.0,35.71,64.29,0.0,0.0,TM4,6.0,,8.67,,,16QAM,,,3.0,,,,,,0.0,0.0,,,,,3.0,,,,0.0,0.0,,,,,0.002,,0.0,,39182.0,NonCA,,Band 66,,,,,
202,2022-08-09 22:18:39.400000,-111.841934,39.675667,,,,,,,,,,,1.0,6.0,212.0,21.0,3.0,68.0,209.0,30.0,4.0,61.0,321.0,26.0,6.0,10.0,313.0,25.0,,,,,,22.0,Band 66,66486.0,132022.0,10.0,10.0,-101.44,-10.73,-73.66,,,-22.02,7.3,9.0,8.43,2.0,0.0,100.0,0.0,0.0,TM4,6.0,,,,,,,,,,,,,,,0.0,,,,,,,,,,0.0,,,,,,,,,39182.0,NonCA,,Band 66,,,,,
203,2022-08-09 22:18:39.500000,-111.841919,39.675678,,,,,,,,,,,,,,,,,,,,,,,,,,,,,,,,,,,,,,,,,,,,,,,,,,,,,,,,,,,,,,,,,,,,,,,,,,,,,,,,,,,,,,,,,,,0.003,0.002,198.0,132.0,0.002
204,2022-08-09 22:18:39.600000,-111.841904,39.67569,,,,,,,,,,,,,,,,,,,,,,,,,,,,,,,,22.0,Band 66,66486.0,132022.0,10.0,10.0,-101.12,-12.32,-71.17,,,-25.12,7.97,9.43,9.14,2.0,0.0,100.0,0.0,0.0,TM4,6.0,,5.67,,8.44,QPSK,,16QAM,3.0,3.08,,,,,0.0,,,,,,3.0,3.08,,,0.0,,,,,,0.002,,0.0,0.003,39182.0,NonCA,NonCA,Band 66,,,,,
205,2022-08-09 22:18:39.800000,-111.841873,39.675716,,,,,,,,,,,,,,,,,,,,,,,,,,,,,,,,22.0,Band 66,66486.0,132022.0,10.0,10.0,-101.15,-11.23,-72.15,21.64,-8.91,-15.29,6.6,9.7,9.0,2.0,0.0,100.0,0.0,0.0,TM4,6.0,,13.0,,,16QAM,,,3.0,,,,,,0.0,0.0,,,,,3.0,,,,0.0,0.0,,,,,0.002,,0.0,,39182.0,NonCA,,Band 66,,,,,
206,2022-08-09 22:18:39.900000,-111.841858,39.675732,-111.84186,39.67573,21:18:38,38.0,68.0,68.0,18.8,1.0,2.0,,,,,,,,,,,,,,,,,,,,,,,,,,,,,,,,,,,,,,,,,,,,,,,,,,,,,,,,,,,,,,,,,,,,,,,,,,,,,,,,,,,,,,
207,2022-08-09 22:18:40.000000,-111.841843,39.675747,,,,,,,,,,,,,,,,,,,,,,,,,,,LTE,,,,LTE Qualcomm,,,,,,,,,,,,,,,,,,,,,,,,,,,,,,,,0.02,0.02,0.0,0.03,,,0.001,0.01,0.001,0.008,,,0.02,0.03,,,0.001,0.01,0.001,0.008,,,,,,,,,0.0,0.0,0.0,0.0,0.0
208,2022-08-09 22:18:40.100000,-111.841835,39.675758,,,,,,,,,,,,,,,,,,,,,,,,,,,,,,,,22.0,Band 66,66486.0,132022.0,10.0,10.0,-100.1,-9.92,-71.58,,,-24.76,7.8,9.13,8.13,2.0,0.0,100.0,0.0,0.0,TM4,6.0,,2.0,,,QPSK,,,3.0,,,,,,0.0,,,,,,3.0,,,,0.0,,,,,,0.0,0.002,0.0,,39182.0,NonCA,,Band 66,,,,,
209,2022-08-09 22:18:40.400000,-111.841797,39.6758,,,,,,,,,,,1.0,6.0,212.0,21.0,3.0,68.0,209.0,32.0,4.0,61.0,321.0,23.0,6.0,10.0,313.0,25.0,,,,,,22.0,Band 66,66486.0,132022.0,10.0,10.0,-99.4,-11.73,-70.13,,,-20.06,7.0,10.0,8.1,2.0,0.0,100.0,0.0,0.0,TM4,6.0,,,,,,,,,,,,,,,0.0,,,,,,,,,,0.0,,,,,0.0,,0.0,,39182.0,NonCA,,Band 66,,,,,
210,2022-08-09 22:18:40.500000,-111.841789,39.675816,,,,,,,,,,,,,,,,,,,,,,,,,,,,,,,,,,,,,,,,,,,,,,,,,,,,,,,,,,,,,,,,,,,,,,,,,,,,,,,,,,,,,,,,,,,0.0,0.0,0.0,0.0,0.0
211,2022-08-09 22:18:40.600000,-111.841782,39.675827,,,,,,,,,,,,,,,,,,,,,,,,,,,,,,,,22.0,Band 66,66486.0,132022.0,10.0,10.0,-99.19,-10.85,-69.9,,,-8.55,6.1,9.36,7.73,2.0,9.09,90.91,0.0,0.0,TM4,6.0,,2.0,,18.71,QPSK,,QPSK,3.0,1.67,,,,,0.0,0.0,,,,,3.0,1.67,,,0.0,0.0,,,,,0.0,,0.0,0.0,39182.0,NonCA,NonCA,Band 66,,,,,
212,2022-08-09 22:18:40.800000,-111.841759,39.675854,,,,,,,,,,,,,,,,,,,,,,,,,,,,,,,,22.0,Band 66,66486.0,132022.0,10.0,10.0,-98.53,-9.9,-71.46,,,-12.61,5.02,10.38,4.13,2.0,50.0,50.0,0.0,0.0,TM4,6.0,,1.0,,20.67,QPSK,,64QAM,10.5,1.0,,,,,0.0,7.69,,,,,10.5,1.0,,,0.0,7.69,,,,,0.001,,0.003,,39182.0,NonCA,NonCA,Band 66,,,,,
213,2022-08-09 22:18:40.900000,-111.841743,39.675869,-111.84174,39.67587,21:18:39,37.0,66.0,66.0,18.67,1.0,2.0,,,,,,,,,,,,,,,,,,,,,,,,,,,,,,,,,,,,,,,,,,,,,,,,,,,,,,,,,,,,,,,,,,,,,,,,,,,,,,,,,,,,,,
214,2022-08-09 22:18:41.000000,-111.841728,39.67588,,,,,,,,,,,,,,,,,,,,,,,,,,,LTE,,,,LTE Qualcomm,22.0,Band 66,66486.0,132022.0,10.0,10.0,-100.7,-10.36,-72.95,15.0,,-7.57,5.05,10.54,6.31,2.0,25.0,75.0,0.0,0.0,TM4,6.0,,,,,,,,,,,,,,,0.0,,0.0,,0.0,,,,,,0.0,,0.0,,0.0,,,,,39182.0,NonCA,,Band 66,0.0,0.0,0.0,0.0,0.0
215,2022-08-09 22:18:41.300000,-111.84169,39.675919,,,,,,,,,,,1.0,6.0,212.0,23.0,3.0,68.0,209.0,32.0,4.0,61.0,321.0,25.0,6.0,10.0,313.0,27.0,,,,,,22.0,Band 66,66486.0,132022.0,10.0,10.0,-100.39,-12.06,-71.21,,-11.6,-7.14,3.92,8.82,7.55,2.0,11.11,88.89,0.0,0.0,TM4,6.0,,,,,,,,,,,,,,,0.0,,,,,,,,,,0.0,,,,,0.0,,0.0,,39182.0,NonCA,,Band 66,,,,,
216,2022-08-09 22:18:41.500000,-111.841667,39.675941,,,,,,,,,,,,,,,,,,,,,,,,,,,,,,,,22.0,Band 66,66486.0,132022.0,10.0,10.0,-100.63,-12.84,-70.45,,,-7.44,4.21,9.64,4.09,1.0,62.5,37.5,0.0,0.0,TM4,6.0,,,,,,,,,,,,,,,,,,,,,,,,,,,,,,0.0,0.0,0.0,,39182.0,NonCA,,Band 66,0.0,0.0,0.0,0.0,0.0
217,2022-08-09 22:18:41.800000,-111.841629,39.67598,,,,,,,,,,,,,,,,,,,,,,,,,,,,,,,,22.0,Band 66,66486.0,132022.0,10.0,10.0,-98.85,-12.35,-69.2,,,-7.26,4.22,10.42,1.92,1.0,75.0,25.0,0.0,0.0,TM4,6.0,,,,,,,,,,,,,,,0.0,,,,,,,,,,0.0,,,,,0.0,,0.0,0.0,39182.0,NonCA,,Band 66,,,,,
218,2022-08-09 22:18:41.900000,-111.841614,39.675991,-111.84161,39.67599,21:18:40,37.0,62.0,62.0,17.39,1.0,2.0,,,,,,,,,,,,,,,,,,,,,,,,,,,,,,,,,,,,,,,,,,,,,,,,,,,,,,,,,,,,,,,,,,,,,,,,,,,,,,,,,,,,,,
219,2022-08-09 22:18:42.000000,-111.841599,39.676003,,,,,,,,,,,,,,,,,,,,,,,,,,,LTE,,,,LTE Qualcomm,,,,,,,,,,,,,,,,,,,,,,,,,,,,,,,,,,,0.01,,,,0.0,,0.0,,,,0.01,,,,0.0,,0.0,,,,,,,,,0.0,0.0,0.0,0.0,0.0
220,2022-08-09 22:18:42.100000,-111.841591,39.676014,,,,,,,,,,,,,,,,,,,,,,,,,,,,,,,,22.0,Band 66,66486.0,132022.0,10.0,10.0,-96.14,-11.36,-67.41,,,-10.25,6.76,9.83,6.0,2.0,40.0,60.0,0.0,0.0,TM4,6.0,,,,,,,,,,,,,,,0.0,,,,,,,,,,0.0,,,,,0.0,,0.0,,39182.0,NonCA,,Band 66,,,,,
221,2022-08-09 22:18:42.400000,-111.841553,39.676048,,,,,,,,,,,1.0,6.0,212.0,29.0,3.0,68.0,209.0,32.0,4.0,61.0,321.0,25.0,6.0,10.0,313.0,30.0,,,,,,22.0,Band 66,66486.0,132022.0,10.0,10.0,-96.56,-11.9,-67.19,,-11.88,-10.86,6.68,8.7,6.2,2.0,37.5,62.5,0.0,0.0,TM4,6.0,,,,,,,QPSK,,1.36,,,,,,0.0,,,,,,1.36,,,,0.0,,,,,0.0,,0.0,,39182.0,NonCA,NonCA,Band 66,,,,,
222,2022-08-09 22:18:42.500000,-111.841545,39.676064,,,,,,,,,,,,,,,,,,,,,,,,,,,,,,,,22.0,Band 66,66486.0,132022.0,10.0,10.0,-98.83,-11.91,-69.59,14.45,-15.0,-8.53,5.71,12.09,0.0,1.0,100.0,0.0,0.0,0.0,TM4,4.0,,,,,,,,,,,,,,,0.0,,,,,,,,,,0.0,,,,,0.0,,0.0,0.0,39182.0,NonCA,,Band 66,0.0,0.0,0.0,0.0,0.0
223,2022-08-09 22:18:42.800000,-111.841515,39.676098,,,,,,,,,,,,,,,,,,,,,,,,,,,,,,,,22.0,Band 66,66486.0,132022.0,10.0,10.0,-100.89,-11.41,-72.24,,,-6.82,4.41,11.4,0.0,1.0,100.0,0.0,0.0,0.0,TM4,6.0,,,,,,,,,,,,,,,,,,,,,,,,,,,,,,0.0,,0.0,,39182.0,NonCA,,Band 66,,,,,
224,2022-08-09 22:18:42.900000,-111.841499,39.676109,-111.8415,39.67611,21:18:41,36.0,59.0,59.0,16.35,1.0,2.0,,,,,,,,,,,,,,,,,,,,,,,,,,,,,,,,,,,,,,,,,,,,,,,,,,,,,,,,,,,,,,,,,,,,,,,,,,,,,,,,,,,,,,
225,2022-08-09 22:18:43.000000,-111.841492,39.676121,,,,,,,,,,,,,,,,,,,,,,,,,,,LTE,,,,LTE Qualcomm,22.0,Band 66,66486.0,132022.0,10.0,10.0,-101.36,-12.29,-72.04,,,-5.08,4.44,9.73,1.91,1.0,75.0,25.0,0.0,0.0,TM4,6.0,,,,,,,,,,0.36,0.36,0.36,0.03,,0.0,0.017,0.015,0.017,0.009,,,0.36,0.03,,0.0,0.017,0.015,0.017,0.009,0.0,0.0,0.0,,39182.0,NonCA,,Band 66,0.0,0.0,0.0,0.0,0.0
226,2022-08-09 22:18:43.200000,-111.841469,39.676144,,,,,,,,,,,1.0,6.0,212.0,27.0,3.0,68.0,209.0,32.0,4.0,61.0,321.0,22.0,6.0,10.0,313.0,30.0,,,,,,22.0,Band 66,66486.0,132022.0,10.0,10.0,-96.95,-10.9,-68.45,,,-3.07,6.68,9.11,6.56,2.0,22.22,77.78,0.0,0.0,TM4,6.0,,,,20.5,,,QPSK,,1.5,,,,,,25.0,,,,,,1.5,,,,25.0,,,,,0.001,,0.002,,39182.0,NonCA,NonCA,Band 66,,,,,
227,2022-08-09 22:18:43.400000,-111.841446,39.676163,,,,,,,,,,,,,,,,,,,,,,,,,,,,,,,,22.0,Band 66,66486.0,132022.0,10.0,10.0,-97.16,-10.38,-69.64,,-11.16,-3.02,6.46,9.0,8.78,2.0,0.0,100.0,0.0,0.0,TM4,6.0,,0.0,0.0,24.33,QPSK,QPSK,256QAM,6.0,1.0,,,,,0.0,,,,,,6.0,1.0,,,0.0,,,,,,,,,,39182.0,NonCA,NonCA,Band 66,,,,,
228,2022-08-09 22:18:43.500000,-111.841438,39.676174,,,,,,,,,,,,,,,,,,,,,,,,,,,,,,,,,,,,,,,,,,,,,,,,,,,,,,,,,,,,,,,,,,,,,,,,,,,,,,,,,,,,,,,,,,,0.0,0.0,0.0,0.0,0.0
229,2022-08-09 22:18:43.700000,-111.841415,39.676197,,,,,,,,,,,,,,,,,,,,,,,,,,,,,,,,22.0,Band 66,66486.0,132022.0,10.0,10.0,-100.89,-12.18,-71.02,14.69,,-8.57,4.43,9.7,3.4,2.0,50.0,50.0,0.0,0.0,TM4,6.0,,,,,,,,,,,,,,,50.0,,,,,,,,,,50.0,,,,,0.0,,0.0,0.0,39182.0,NonCA,,Band 66,,,,,
230,2022-08-09 22:18:43.900000,-111.841393,39.67622,-111.84139,39.67622,21:18:42,35.0,56.0,56.0,15.45,1.0,2.0,,,,,,,,,,,,,,,,,,,,,,,,,,,,,,,,,,,,,,,,,,,,,,,,,,,,,,,,,,,,,,,,,,,,,,,,,,,,,,,,,,,,,,
231,2022-08-09 22:18:44.000000,-111.841385,39.676231,,,,,,,,,,,,,,,,,,,,,,,,,,,LTE,,,,LTE Qualcomm,22.0,Band 66,66486.0,132022.0,10.0,10.0,-100.77,-13.01,-70.68,,-12.0,-7.03,3.65,7.83,6.17,2.0,14.29,85.71,0.0,0.0,TM4,6.0,,,,,,,,,,,,,,,0.0,,0.004,,0.004,,,,,,0.0,,0.004,,0.004,0.0,,0.0,,39182.0,NonCA,,Band 66,0.0,0.0,0.0,0.0,0.0
232,2022-08-09 22:18:44.200000,-111.841362,39.676254,,,,,,,,,,,,,,,,,,,,,,,,,,,,,,,,22.0,Band 66,66486.0,132022.0,10.0,10.0,-100.02,-12.83,-70.2,,,-23.57,3.98,8.0,5.0,2.0,40.0,60.0,0.0,0.0,TM4,6.0,,,,,,,,,,,,,,,,,,,,,,,,,,,,,,0.0,,0.0,,39182.0,NonCA,,Band 66,,,,,
233,2022-08-09 22:18:44.300000,-111.841354,39.676266,,,,,,,,,,,1.0,6.0,212.0,25.0,3.0,68.0,209.0,30.0,4.0,61.0,321.0,23.0,6.0,10.0,313.0,32.0,,,,,,22.0,Band 66,66486.0,132022.0,10.0,10.0,-99.21,-14.67,-66.83,,,-7.14,4.53,8.0,6.29,2.0,0.0,100.0,0.0,0.0,TM4,6.0,,,,,,,,,,,,,,,0.0,,,,,,,,,,0.0,,,,,,,,,39182.0,NonCA,,Band 66,,,,,
234,2022-08-09 22:18:44.500000,-111.841331,39.676292,,,,,,,,,,,,,,,,,,,,,,,,,,,,,,,,22.0,Band 66,66486.0,132022.0,10.0,10.0,-99.35,-12.96,-68.84,,,-6.56,3.36,8.08,5.23,2.0,33.33,66.67,0.0,0.0,TM4,6.0,,,,,,,,,,,,,,,,,,,,,,,,,,,,,,0.0,0.0,0.0,,39182.0,NonCA,,Band 66,0.0,0.0,0.0,0.0,0.0
235,2022-08-09 22:18:44.600000,-111.841324,39.676304,,,,,,,,,,,,,,,,,,,,,,,,,,,,,,,,22.0,Band 66,66486.0,132022.0,10.0,10.0,-99.03,-12.29,-69.75,,,-7.19,3.57,9.67,1.93,1.0,70.0,30.0,0.0,0.0,TM4,6.0,,,,,,,,,,,,,,,0.0,,,,,,,,,,0.0,,,,,0.0,,0.0,0.0,39182.0,NonCA,,Band 66,,,,,
236,2022-08-09 22:18:44.657051,-111.841316,39.676308,,,,,,,,,,,,,,,,,,,,,,,,,,,,RRC Connection Release,RRC Connection Release,,,,,,,,,,,,,,,,,,,,,,,,,,,,,,,,,,,,,,,,,,,,,,,,,,,,,,,,,,,,,,,,,,
237,2022-08-09 22:18:44.800000,-111.841301,39.676327,,,,,,,,,,,,,,,,,,,,,,,,,,,,,,,,22.0,Band 66,66486.0,132022.0,10.0,10.0,-99.0,-14.56,-66.94,,,-11.18,3.8,8.0,7.0,2.0,0.0,100.0,0.0,0.0,TM4,6.0,,,,,,,,,,,,,,,,,,,,,,,,,,,,,,0.002,,,0.0,39182.0,NonCA,,Band 66,,,,,
238,2022-08-09 22:18:44.884506,-111.841293,39.676338,,,,,,,,,,,,,,,,,,,,,,,,,,,,Cell Camp On,Cell Camp On,,,,,,,,,,,,,,,,,,,,,,,,,,,,,,,,,,,,,,,,,,,,,,,,,,,,,,,,,,,,,,,,,,
239,2022-08-09 22:18:44.884506,-111.841293,39.676338,,,,,,,,,,,,,,,,,,,,,,,,,,,,Cell Searching Start,Cell Searching Start,,,,,,,,,,,,,,,,,,,,,,,,,,,,,,,,,,,,,,,,,,,,,,,,,,,,,,,,,,,,,,,,,,
240,2022-08-09 22:18:44.900000,-111.841293,39.676338,-111.84129,39.67634,21:18:43,34.0,55.0,55.0,15.87,1.0,2.0,,,,,,,,,,,,,,,,,,,,,,,,,,,,,,,,,,,,,,,,,,,,,,,,,,,,,,,,,,,,,,,,,,,,,,,,,,,,,,,,,,,,,,
241,2022-08-09 22:18:45.000000,-111.841286,39.67635,,,,,,,,,,,,,,,,,,,,,,,,,,,LTE,,,,LTE Qualcomm,,,,,,,,,,,,,,,,,,,,,,,,,,17.17,,,QPSK,,1.94,0.0,0.0,0.0,0.03,,0.0,0.0,0.034,0.0,0.034,,1.94,0.0,0.03,,0.0,0.0,0.034,0.0,0.034,,,,,39182.0,,NonCA,,0.0,0.0,0.0,0.0,
242,2022-08-09 22:18:45.200000,-111.841263,39.676373,,,,,,,,,,,1.0,6.0,212.0,24.0,3.0,68.0,209.0,29.0,4.0,61.0,321.0,29.0,6.0,10.0,313.0,32.0,,,,,,,,,,,,,,,16.94,-11.94,,,,,,,,,,,,,1.0,,,QPSK,,,6.0,,,,,,0.0,,,,,,6.0,,,,0.0,,,,,,,,,,,,,,,,,,
243,2022-08-09 22:18:45.500000,-111.841232,39.676403,,,,,,,,,,,,,,,,,,,,,,,,,,,,,,,,,,,,,,,,,,,,,,,,,,,,,,,,,,,,,,,,,,,,,,,,,,,,,,,,,,,,,,,,,,,0.0,0.0,0.0,0.0,
244,2022-08-09 22:18:45.900000,-111.841187,39.676449,-111.84119,39.67645,21:18:44,33.0,53.0,53.0,14.94,1.0,2.0,,,,,,,,,,,,,,,,,,,,,,,,,,,,,,,,,,,,,,,,,,,,,,,,,,,,,,,,,,,,,,,,,,,,,,,,,,,,,,,,,,,,,,
245,2022-08-09 22:18:46.000000,-111.841179,39.67646,,,,,,,,,,,,,,,,,,,,,,,,,,,LTE,,,,LTE Qualcomm,,,,,,,,,,,,,,,,,,,,,,,4x4,,,,,,,,,,,,0.68,,,,0.18,,0.18,,,,0.68,,,,0.18,,0.18,,,,,,,,,0.0,0.0,0.0,0.0,
246,2022-08-09 22:18:46.300000,-111.841156,39.676495,,,,,,,,,,,1.0,6.0,212.0,24.0,3.0,68.0,209.0,26.0,4.0,61.0,321.0,29.0,6.0,10.0,313.0,31.0,,,,,,22.0,Band 66,66486.0,132022.0,10.0,10.0,-101.31,-10.75,-72.88,,,,4.0,,,,,,,,,,,,,,,,,,,,,,,,,,,,,,,,,,,,,,,,,,,,NonCA,,Band 66,,,,,
247,2022-08-09 22:18:46.500000,-111.841133,39.676514,,,,,,,,,,,,,,,,,,,,,,,,,,,,,,,,,,,,,,,,,,,,,,,,,,,,,,,,,,,,,,,,,,,,,,,,,,,,,,,,,,,,,,,,,,,0.0,0.0,0.0,0.0,
248,2022-08-09 22:18:46.700000,-111.841118,39.676537,,,,,,,,,,,,,,,,,,,,,,,,,,,,,,,,,,,,,,,,,,,-3.75,,,,,,,,,,,,,,,,,,,,,,,,,,,,,,,,,,,,,,,,0.0,,,,,,,,,,,,
249,2022-08-09 22:18:46.790643,-111.84111,39.676548,,,,,,,,,,,,,,,,,,,,,,,,,,,,RRC Setup Start,RRC Setup Start,,,,,,,,,,,,,,,,,,,,,,,,,,,,,,,,,,,,,,,,,,,,,,,,,,,,,,,,,,,,,,,,,,
250,2022-08-09 22:18:46.791279,-111.84111,39.676548,,,,,,,,,,,,,,,,,,,,,,,,,,,,PRACH: Msg1(RA),PRACH: Msg1(RA),,,,,,,,,,,,,,,,,,,,,,,,,,,,,,,,,,,,,,,,,,,,,,,,,,,,,,,,,,,,,,,,,,
251,2022-08-09 22:18:46.791512,-111.84111,39.676548,,,,,,,,,,,,,,,,,,,,,,,,,,,,PRACH: Msg2(RAR),PRACH: Msg2(RAR),,,,,,,,,,,,,,,,,,,,,,,,,,,,,,,,,,,,,,,,,,,,,,,,,,,,,,,,,,,,,,,,,,
252,2022-08-09 22:18:46.791520,-111.84111,39.676548,,,,,,,,,,,,,,,,,,,,,,,,,,,,PRACH: Msg3(UE ID),PRACH: Msg3(UE ID),,,,,,,,,,,,,,,,,,,,,,,,,,,,,,,,,,,,,,,,,,,,,,,,,,,,,,,,,,,,,,,,,,
253,2022-08-09 22:18:46.791794,-111.84111,39.676548,,,,,,,,,,,,,,,,,,,,,,,,,,,,PRACH: Msg4[Pass],PRACH: Msg4[Pass],,,,,,,,,,,,,,,,,,,,,,,,,,,,,,,,,,,,,,,,,,,,,,,,,,,,,,,,,,,,,,,,,,
254,2022-08-09 22:18:46.791885,-111.84111,39.676548,,,,,,,,,,,,,,,,,,,,,,,,,,,,Received RAR[True],Received RAR[True],,,,,,,,,,,,,,,,,,,,,,,,,,,,,,,,,,,,,,,,,,,,,,,,,,,,,,,,,,,,,,,,,,
255,2022-08-09 22:18:46.792638,-111.84111,39.676548,,,,,,,,,,,,,,,,,,,,,,,,,,,,RRC Setup Success,RRC Setup Success,,,,,,,,,,,,,,,,,,,,,,,,,,,,,,,,,,,,,,,,,,,,,,,,,,,,,,,,,,,,,,,,,,
256,2022-08-09 22:18:46.800000,-111.84111,39.676548,,,,,,,,,,,,,,,,,,,,,,,,,,,,,,,,22.0,Band 66,66486.0,132022.0,10.0,10.0,-105.21,-13.38,-73.05,,,9.81,4.12,,,,,,,,,,,,,,,,,,,,,,,,0.0,,,,,,,,,,0.0,,,,,0.029,,,0.0,39182.0,NonCA,,Band 66,,,,,
257,2022-08-09 22:18:46.900000,-111.841103,39.676559,-111.8411,39.67656,21:18:45,31.0,51.0,51.0,14.47,1.0,2.0,,,,,,,,,,,,,,,,,,,,,,,22.0,Band 66,66486.0,132022.0,10.0,10.0,-106.03,-13.02,-74.08,,,5.71,3.47,7.0,5.25,2.0,0.0,100.0,0.0,0.0,TM4,6.0,,,,14.73,,,64QAM,,2.53,,,,,,0.0,,,,,,2.53,,,,0.0,,,,,,,,,39182.0,NonCA,NonCA,Band 66,,,,,
258,2022-08-09 22:18:47.000000,-111.841103,39.676559,,,,,,,,,,,,,,,,,,,,,,,,,,,LTE,,,,LTE Qualcomm,22.0,Band 66,66486.0,132022.0,10.0,10.0,-106.84,-14.16,-73.95,,,2.53,2.94,7.6,7.2,2.0,0.0,100.0,0.0,0.0,TM4,6.0,4x4,1.27,0.0,26.55,QPSK,QPSK,64QAM,9.73,3.36,0.15,0.14,0.1,0.37,0.0,0.0,0.035,0.096,0.035,0.096,9.73,3.36,0.15,0.37,0.0,0.0,0.035,0.096,0.035,0.096,0.004,,0.0,,39182.0,NonCA,NonCA,Band 66,0.134,0.026,8394.0,1618.0,0.168
259,2022-08-09 22:18:47.100000,-111.841103,39.676559,,,,,,,,,,,,,,,,,,,,,,,,,,,,,,,,22.0,Band 66,66486.0,132022.0,10.0,10.0,-107.98,-13.82,-74.8,,,-4.95,0.53,8.0,8.0,2.0,0.0,100.0,0.0,0.0,TM4,6.0,,,,,,,,,,,,,,,,,,,,,,,,,,,,,,,,,,39182.0,NonCA,,Band 66,,,,,
260,2022-08-09 22:18:47.200000,-111.841103,39.676559,,,,,,,,,,,,,,,,,,,,,,,,,,,,,,,,22.0,Band 66,66486.0,132022.0,10.0,10.0,-108.34,-16.98,-71.97,,13.76,1.27,-1.53,8.0,8.0,2.0,0.0,100.0,0.0,0.0,TM4,6.0,,,,,,,,,,,,,,,0.0,,,,,,,,,,0.0,,,,,0.275,,0.0,,39182.0,NonCA,,Band 66,,,,,
261,2022-08-09 22:18:47.300000,-111.841103,39.676559,,,,,,,,,,,1.0,6.0,212.0,22.0,3.0,68.0,209.0,24.0,4.0,61.0,321.0,25.0,6.0,10.0,313.0,28.0,,,,,,22.0,Band 66,66486.0,132022.0,10.0,10.0,-107.63,-16.67,-72.67,,,3.29,0.17,7.88,7.88,2.0,0.0,100.0,0.0,0.0,TM4,6.0,,8.29,9.7,24.4,16QAM,QPSK,64QAM,15.59,9.1,,,,,0.0,0.0,,,,,15.59,9.1,,,0.0,0.0,,,,,,,,,39182.0,NonCA,NonCA,Band 66,,,,,
262,2022-08-09 22:18:47.500000,-111.841103,39.676559,,,,,,,,,,,,,,,,,,,,,,,,,,,,,,,,22.0,Band 66,66486.0,132022.0,10.0,10.0,-108.11,-14.28,-73.78,20.54,,-10.96,1.08,8.17,7.67,2.0,0.0,100.0,0.0,0.0,TM4,6.0,,,,,,,,,,,,,,,0.0,,,,,,,,,,0.0,,,,,0.079,,0.0,,39182.0,NonCA,,Band 66,,,,,0.027
263,2022-08-09 22:18:47.600000,-111.841103,39.676559,,,,,,,,,,,,,,,,,,,,,,,,,,,,,,,,22.0,Band 66,66486.0,132022.0,10.0,10.0,-107.73,-13.75,-74.59,,10.61,-5.93,1.85,8.0,7.25,2.0,0.0,100.0,0.0,0.0,TM4,6.0,,9.17,13.0,,QPSK,16QAM,,4.13,,,,,,16.67,0.0,,,,,4.13,,,,16.67,0.0,,,,,,,,,39182.0,NonCA,,Band 66,,,,,
264,Count,264.0,264.0,30.0,30.0,30,30.0,30.0,30.0,29.0,30.0,30.0,,31.0,31.0,31.0,31.0,31.0,31.0,31.0,31.0,31.0,31.0,31.0,31.0,31.0,31.0,31.0,31.0,LTE: 31 (100.0%),33,33,1.0,31,187.0,187,187.0,187.0,187.0,187.0,187.0,187.0,187.0,28.0,42.0,189.0,187.0,185.0,185.0,185.0,185.0,185.0,185.0,185.0,185,185.0,15,79.0,38.0,58.0,79,38,59,79.0,59.0,26.0,26.0,26.0,29.0,79.0,126.0,26.0,31.0,26.0,31.0,79.0,59.0,26.0,29.0,79.0,126.0,26.0,31.0,26.0,31.0,110.0,18.0,108.0,32.0,158.0,"Count: 187
NonCA: 187 (100.0%)
CA Avg=1.000","Count: 59
NonCA: 59 (100.0%)
CA Avg=1.000",187,60.0,60.0,60.0,60.0,57.0
265,Minimum,-111.846489,39.676559,-111.84649,39.67147,,31.0,51.0,51.0,0.0,1.0,2.0,,1.0,6.0,212.0,17.0,3.0,68.0,209.0,24.0,4.0,60.0,320.0,19.0,6.0,10.0,313.0,17.0,,,,,,22.0,,850.0,18850.0,10.0,10.0,-129.2,-19.78,-89.42,14.26,-18.0,-30.62,-5.1,3.8,0.0,1.0,0.0,0.0,0.0,0.0,,0.0,,0.0,0.0,0.76,,,,3.0,1.0,0.0,0.0,0.0,0.01,0.0,0.0,0.0,0.0,0.0,0.0,3.0,1.0,0.0,0.01,0.0,0.0,0.0,0.0,0.0,0.0,0.0,0.0,0.0,0.0,39182.0,,,,0.0,0.0,0.0,0.0,0.0
266,Maximum,-111.841103,39.676559,-111.8411,39.67656,,41.0,109.0,109.0,60.87,1.0,2.0,,1.0,6.0,212.0,32.0,3.0,69.0,210.0,34.0,4.0,61.0,321.0,32.0,6.0,10.0,314.0,32.0,,,,,,427.0,,66486.0,132022.0,20.0,20.0,-75.14,-8.69,-48.9,23.0,23.0,23.0,19.02,13.0,13.63,2.0,100.0,100.0,0.0,0.0,,15.0,,14.25,26.0,27.83,,,,18.0,16.19,0.36,0.36,0.36,0.68,42.86,62.5,0.078,0.18,0.035,0.18,18.0,16.19,0.36,0.68,42.86,62.5,0.078,0.18,0.035,0.18,0.275,0.012,0.004,0.024,39182.0,,,,0.134,0.026,8394.0,1618.0,0.168
267,Average,,,,,,,87.47,87.47,25.22,,,,1.0,6.0,212.0,23.19,3.0,68.52,209.52,30.32,4.0,60.48,320.48,26.52,6.0,10.0,313.52,24.16,,,,,,,,,,,,-105.96,-13.01,-75.18,19.44,-0.79,-12.26,3.76,8.81,5.12,1.66,38.65,61.35,0.0,0.0,,0.06,,5.06,8.2,14.0,,,,4.69,3.44,0.12,0.12,0.04,0.16,2.9,10.27,0.017,0.035,0.009,0.031,4.69,3.43,0.12,0.16,2.9,10.27,0.017,0.035,0.009,0.031,0.006,0.003,0.0,0.003,,,,,0.004,0.002,253.9,146.26,0.005
268,Stdev,,,,,,,20.07,20.08,14.94,,,,0.0,0.0,0.0,2.93,0.0,0.5,0.5,2.12,0.0,0.5,0.5,2.89,0.0,0.0,0.5,4.01,,,,,,,,,,,,7.85,2.3,5.94,3.1,11.99,10.05,3.54,1.93,3.72,0.47,40.84,40.84,0.0,0.0,,0.03,,3.3,6.41,9.14,,,,2.65,2.29,0.08,0.08,0.07,0.17,8.22,16.0,0.021,0.035,0.006,0.035,2.65,2.3,0.08,0.17,8.22,16.0,0.021,0.035,0.006,0.035,0.027,0.0,0.0,0.004,,,,,0.017,0.003,1063.24,218.41,0.022
269,Median,,,,,,,94.0,94.0,24.96,,,,1.0,6.0,212.0,23.0,3.0,69.0,210.0,30.0,4.0,60.0,320.0,26.0,6.0,10.0,314.0,24.0,,,,,,,,,,,,-104.94,-12.5,-73.94,20.53,-3.75,-13.0,4.13,8.75,5.75,2.0,25.0,75.0,0.0,0.0,,6.0,,4.4,8.0,16.19,,,,4.0,3.11,0.09,0.09,0.01,0.08,0.0,0.0,0.008,0.029,0.008,0.026,4.0,3.11,0.09,0.08,0.0,0.0,0.008,0.029,0.008,0.026,0.002,0.003,0.0,0.003,,,,,0.002,0.002,132.0,132.0,0.002
270,5%-tile,,,,,,,53.9,53.9,0.0,,,,1.0,6.0,212.0,21.0,3.0,68.0,209.0,27.0,4.0,60.0,320.0,22.0,6.0,10.0,313.0,18.0,,,,,,,,,,,,-119.74,-17.29,-86.87,14.54,-14.98,-26.3,-2.53,5.84,0.0,1.0,0.0,0.0,0.0,0.0,,0.0,,0.46,0.0,0.92,,,,3.0,1.49,0.03,0.03,0.0,0.03,0.0,0.0,0.001,0.002,0.001,0.001,3.0,1.49,0.03,0.03,0.0,0.0,0.001,0.002,0.001,0.001,0.0,0.0,0.0,0.0,,,,,0.0,0.0,0.0,0.0,0.0
271,95%-tile,,,,,,,108.0,108.0,58.46,,,,1.0,6.0,212.0,28.0,3.0,69.0,210.0,33.0,4.0,61.0,321.0,30.5,6.0,10.0,314.0,31.5,,,,,,,,,,,,-97.01,-9.68,-68.92,23.0,23.0,3.92,7.95,11.98,10.31,2.0,100.0,100.0,0.0,0.0,,11.0,,11.33,19.3,25.78,,,,9.13,8.11,0.28,0.28,0.13,0.54,20.0,50.0,0.073,0.086,0.017,0.082,9.13,8.11,0.28,0.54,20.0,50.0,0.073,0.086,0.017,0.082,0.005,0.005,0.002,0.008,,,,,0.003,0.003,198.0,200.6,0.004
