,TIME_STAMP,Lon,Lat,GPS Lon,GPS Lat,GPS Time,GPS Head,GPS Speed (km/h),GPS Speed(Complement),GPS Distance (m),GPS Source,GPS Data Ind,GPS Area,GPS Satellite Status NMEA GPS List[0] PRN,GPS Satellite Status NMEA GPS List[0] Elevation,GPS Satellite Status NMEA GPS List[0] Azimuth,GPS Satellite Status NMEA GPS List[0] SNR [dB],GPS Satellite Status NMEA GPS List[1] PRN,GPS Satellite Status NMEA GPS List[1] Elevation,GPS Satellite Status NMEA GPS List[1] Azimuth,GPS Satellite Status NMEA GPS List[1] SNR [dB],GPS Satellite Status NMEA GPS List[2] PRN,GPS Satellite Status NMEA GPS List[2] Elevation,GPS Satellite Status NMEA GPS List[2] Azimuth,GPS Satellite Status NMEA GPS List[2] SNR [dB],GPS Satellite Status NMEA GPS List[3] PRN,GPS Satellite Status NMEA GPS List[3] Elevation,GPS Satellite Status NMEA GPS List[3] Azimuth,GPS Satellite Status NMEA GPS List[3] SNR [dB],Event Technology,Event Port Number,LTE KPI Chip Type,LTE KPI PCell Serving PCI,LTE KPI PCell Serving Band,LTE KPI PCell Serving EARFCN(DL),LTE KPI PCell Serving EARFCN(UL),LTE KPI PCell Serving BandWidth(DL),LTE KPI PCell Serving RSRP[dBm],LTE KPI PCell Serving RSRQ[dB],LTE KPI PCell Serving RSSI[dBm],LTE KPI PCell PUSCH Power[dBm],LTE KPI PCell PUCCH Power[dBm],LTE KPI PCell Total Tx Power[dBm],LTE KPI PCell SINR[dB],LTE KPI PCell WB CQI CW0,LTE KPI PCell WB CQI CW1,LTE KPI PCell WB RI,LTE KPI PCell WB RI1 Rate,LTE KPI PCell WB RI2 Rate,LTE KPI PCell WB RI3 Rate,LTE KPI PCell WB RI4 Rate,LTE KPI PCell Tx Mode,LTE KPI PCell WB PMI 0,LTE KPI PCell M(Tx) x N(Rx) Ant,LTE KPI PCell DL MCS0,LTE KPI PCell DL MCS1,LTE KPI PCell UL MCS,LTE KPI PCell DL Modulation0,LTE KPI PCell DL Modulation1,LTE KPI PCell UL Modulation,LTE KPI Pcell PDSCH PRB Number(Avg),LTE KPI PCell PUSCH PRB Number(Avg),LTE KPI PCell PDSCH PRB Number(Including 0),LTE KPI PCell PDSCH PRB Number TB0(Including 0),LTE KPI PCell PDSCH PRB Number TB1(Including 0),LTE KPI PCell PUSCH PRB Number(Including 0),LTE KPI PCell PDSCH BLER[%],LTE KPI PCell PUSCH BLER[%],LTE KPI PCell PDSCH Throughput[Mbps],LTE KPI PCell PUSCH Throughput[Mbps],LTE KPI PCell MAC DL Throughput[Mbps],LTE KPI PCell MAC UL Throughput[Mbps],LTE KPI PDSCH PRB Number(Avg)(Total),LTE KPI PUSCH PRB Number(Avg)(Total),LTE KPI PDSCH PRB Number(Including 0)(Total),LTE KPI PUSCH PRB Number(Including 0)(Total),LTE KPI PDSCH BLER[%],LTE KPI PUSCH BLER[%],LTE KPI PDSCH Throughput[Mbps],LTE KPI PUSCH Throughput[Mbps],LTE KPI MAC DL Throughput[Mbps],LTE KPI MAC UL Throughput[Mbps],LTE KPI RLC DL Throughput[Mbps],LTE KPI RLC UL Throughput[Mbps],LTE KPI PDCP DL Throughput[Mbps],LTE KPI PDCP UL Throughput[Mbps],LTE KPI CA Type,LTE KPI UL CA Type,LTE KPI Band Combination,Smart Phone Smart Throughput Mobile Network DL Throughput [Mbps],Smart Phone Smart Throughput Mobile Network UL Throughput [Mbps],Smart Phone Smart Throughput Mobile Network Rx Byte,Smart Phone Smart Throughput Mobile Network Tx Byte
0,2022-08-12 15:34:31.900000,-94.177773,41.517761,,,,,,,,,,,,,,,,,,,,,,,,,,,,,,,,,,,,,,,,,,,,,,,,,,,,2.0,,,QPSK,,,9.0,,,,,,0.0,,,,,,9.0,,,,0.0,,,,,,,,,,,,,,,,
1,2022-08-12 15:34:31.937753,-94.177773,41.517761,,,,,,,,,,,,,,,,,,,,,,,,,,,,0.0,,,,,,,,,,,,,,,,,,,,,,,,,,,,,,,,,,,,,,,,,,,,,,,,,,,,,,,,,,,,,,
2,2022-08-12 15:34:32.000000,-94.177773,41.517761,-94.17777,41.51776,15:34:32,89.0,131.0,131.0,,1.0,2.0,,,,,,,,,,,,,,,,,,LTE,,LTE Qualcomm,,,,,,,,,,,,,,,,,,,,,,,,,,,,,,,0.0,0.0,0.0,,,,0.0,,0.0,,,,0.0,,,,0.0,,0.0,,,,,,,,,,,,
3,2022-08-12 15:34:32.100000,-94.177727,41.517761,,,,,,,,,,,,,,,,,,,,,,,,,,,,,,397.0,Band 66,66986.0,132522.0,10.0,-95.38,-14.0,-60.19,,-0.75,,17.6,15.0,0.0,,,,,,TM4,3.0,,,,,,,,,,,,,,,,,,,,,,,,,,,,,,,,,,NonCA,,Band 66,,,,
4,2022-08-12 15:34:32.200000,-94.177681,41.517761,,,,,,,,,,,8.0,7.0,325.0,20.0,10.0,46.0,291.0,28.0,18.0,64.0,142.0,33.0,23.0,70.0,340.0,31.0,,,,,,,,,,,,,,,,,,,,,,,,,,,,,,,,,,,,,,,,,,,,,,,,,,,,,,,,,,,,,,,,
5,2022-08-12 15:34:32.300000,-94.177643,41.517761,,,,,,,,,,,,,,,,,,,,,,,,,,,,,,397.0,Band 66,66986.0,132522.0,10.0,-95.19,-12.81,-59.44,,,-1.0,17.1,15.0,0.0,,,,,,TM4,14.0,,,,,,,,,,,,,,,,,,,,,,,,,,,,,,0.0,,0.0,,NonCA,,Band 66,0.0,0.0,0.0,0.0
6,2022-08-12 15:34:32.600000,-94.177505,41.517761,,,,,,,,,,,,,,,,,,,,,,,,,,,,,,397.0,Band 66,66986.0,132522.0,10.0,-96.5,-12.75,-64.47,,,6.5,20.92,14.0,7.0,2.0,0.0,100.0,0.0,0.0,TM4,15.0,,,,,,,,,,,,,,,,,,,,,,,,,,,,,,,,,,NonCA,,Band 66,,,,
7,2022-08-12 15:34:32.700000,-94.17746,41.517761,,,,,,,,,,,,,,,,,,,,,,,,,,,,,,397.0,Band 66,66986.0,132522.0,10.0,-98.14,-12.5,-65.11,,,-2.0,17.58,15.0,0.0,,,,,,TM4,14.0,,0.0,,,QPSK,,,2.0,,,,,,0.0,,,,,,2.0,,,,0.0,,,,,,0.0,,0.0,,NonCA,,Band 66,,,,
8,2022-08-12 15:34:32.800000,-94.177422,41.517761,,,,,,,,,,,,,,,,,,,,,,,,,,,,,,397.0,Band 66,66986.0,132522.0,10.0,-97.24,-11.33,-62.53,,,-2.5,21.62,11.0,13.0,2.0,0.0,100.0,0.0,0.0,TM4,15.0,,,,,,,,,,,,,,,,,,,,,,,,,,,,,,,,,,NonCA,,Band 66,0.0,0.0,0.0,0.0
9,2022-08-12 15:34:32.900000,-94.177376,41.517761,,,,,,,,,,,,,,,,,,,,,,,,,,,,,,397.0,Band 66,66986.0,132522.0,10.0,-99.06,-13.38,-59.94,,,,20.95,13.0,14.0,,,,,,TM4,15.0,,,,,,,,,,,,,,,,,,,,,,,,,,,,,,,,,,NonCA,,Band 66,,,,
10,2022-08-12 15:34:33.000000,-94.17733,41.517761,-94.17733,41.51776,15:34:33,89.0,131.0,131.0,36.67,1.0,2.0,,,,,,,,,,,,,,,,,,LTE,,LTE Qualcomm,,,,,,,,,,,,,,,,,,,,,,,,,,,,,,,,,,,,,,0.002,,0.002,,,,,,,,0.002,,0.002,,,,,,,,,,,
11,2022-08-12 15:34:33.100000,-94.177284,41.517761,,,,,,,,,,,,,,,,,,,,,,,,,,,,,,397.0,Band 66,66986.0,132522.0,10.0,-99.0,-14.88,-59.38,,,-2.0,18.8,,,,,,,,,,,,,,,,,,,,,,,,,,,,,,,,,,,,,,,0.0,,0.0,,NonCA,,Band 66,,,,
12,2022-08-12 15:34:33.200000,-94.177246,41.517761,,,,,,,,,,,8.0,7.0,325.0,20.0,10.0,46.0,291.0,29.0,18.0,64.0,142.0,34.0,23.0,70.0,340.0,33.0,,,,,,,,,,,,,,,,,,,,,,,,,,,,16.0,,,64QAM,,3.0,,,,,,0.0,,,,,,3.0,,,,0.0,,,,,,,,,,NonCA,,,,,
13,2022-08-12 15:34:33.300000,-94.1772,41.517761,,,,,,,,,,,,,,,,,,,,,,,,,,,,,,,,,,,,,,,,,,,,,,,,,,,,,,,,,,,,,,,,,,,,,,,,,,,,,,,,,,,,,,,0.0,0.0,0.0,0.0
14,2022-08-12 15:34:33.500000,-94.177116,41.517761,,,,,,,,,,,,,,,,,,,,,,,,,,,,,,,,,,,,,,18.0,-1.63,-2.0,,14.0,15.0,,,,,,TM4,15.0,,,,,,,,,,,,,,,,,,,,,,,,,,,,,,0.0,,0.0,,,,,,,,
15,2022-08-12 15:34:33.700000,-94.177032,41.517761,,,,,,,,,,,,,,,,,,,,,,,,,,,,,,397.0,Band 66,66986.0,132522.0,10.0,-93.31,-14.19,-60.31,,,-5.0,23.1,13.0,13.0,,,,,,TM4,15.0,,,,,,,,,,,,,,,,,,,,,,,,,,,,,,,,,,NonCA,,Band 66,,,,
16,2022-08-12 15:34:33.800000,-94.176987,41.517761,,,,,,,,,,,,,,,,,,,,,,,,,,,,,,,,,,,,,,,,,,,,,,,,,,,,,,,,,,,,,,,,,,,,,,,,,,,,,,,,,,,,,,,0.0,0.0,0.0,0.0
17,2022-08-12 15:34:33.900000,-94.176949,41.517761,,,,,,,,,,,,,,,,,,,,,,,,,,,,,,397.0,Band 66,66986.0,132522.0,10.0,-91.25,-15.44,-57.44,,,-4.0,22.4,15.0,14.0,,,,,,TM4,15.0,,,,,,,,,,,,,,,,,,,,,,,,,,,,,,0.0,,0.0,0.0,NonCA,,Band 66,,,,
18,2022-08-12 15:34:34.000000,-94.176903,41.517761,-94.1769,41.51776,15:34:34,90.0,131.0,131.0,35.84,1.0,2.0,,,,,,,,,,,,,,,,,,LTE,,,,,,,,,,,,,,,,,,,,,,,,,,,,,,,,,,,,,,,,,,,,,,,,,,,,,,,,,,,,,,,
19,2022-08-12 15:34:34.200000,-94.176811,41.517757,,,,,,,,,,,8.0,7.0,325.0,20.0,10.0,46.0,291.0,28.0,18.0,64.0,142.0,31.0,23.0,70.0,340.0,31.0,,,,397.0,Band 66,66986.0,132522.0,10.0,-94.75,-10.0,-64.5,,,-3.0,22.7,15.0,15.0,,,,,,TM4,15.0,,,,,,,,,,,,,,,,,,,,,,,,,,,,,,,,0.0,,NonCA,,Band 66,,,,
20,2022-08-12 15:34:34.300000,-94.176773,41.517757,,,,,,,,,,,,,,,,,,,,,,,,,,,,,,,,,,,,,,,,,,,,,,,,,,,,,,,,,,,,,,,,,,,,,,,,,,,,,,,,,,,,,,,0.0,0.0,0.0,0.0
21,2022-08-12 15:34:34.500000,-94.176682,41.517754,,,,,,,,,,,,,,,,,,,,,,,,,,,,,,397.0,Band 66,66986.0,132522.0,10.0,-92.75,-14.56,-60.5,,,,20.7,13.0,14.0,,,,,,TM4,15.0,,,,,,,,,,,,,,,,,,,,,,,,,,,,,,0.0,0.0,,,NonCA,,Band 66,,,,
22,2022-08-12 15:34:34.800000,-94.176552,41.517754,,,,,,,,,,,,,,,,,,,,,,,,,,,,,,397.0,Band 66,66986.0,132522.0,10.0,-93.44,-13.75,-62.69,,-3.75,-3.5,21.2,13.0,14.0,,,,,,TM4,15.0,,,,,,,,,,,,,,,,,,,,,,,,,,,,,,0.0,,0.0,0.0,NonCA,,Band 66,0.0,0.0,0.0,0.0
23,2022-08-12 15:34:35.000000,-94.17646,41.51775,-94.17646,41.51775,15:34:35,90.0,131.0,131.0,36.69,1.0,2.0,,,,,,,,,,,,,,,,,,LTE,,,,,,,,,,,,,,,,,,,,,,,,,,,,,,,,,,,,,,,,,,,,,,,,,,,,,,,,,,,,,,,
24,2022-08-12 15:34:35.200000,-94.176369,41.51775,,,,,,,,,,,8.0,7.0,325.0,20.0,10.0,46.0,291.0,28.0,18.0,64.0,142.0,34.0,23.0,70.0,340.0,33.0,,,,397.0,Band 66,66986.0,132522.0,10.0,-92.81,-15.0,-59.88,,,,18.5,11.0,13.0,,,,,,TM4,15.0,,,,,,,,,,,,,,,,,,,,,,,,,,,,,,0.0,,0.0,,NonCA,,Band 66,,,,
25,2022-08-12 15:34:35.300000,-94.176331,41.51775,,,,,,,,,,,,,,,,,,,,,,,,,,,,,,,,,,,,,,,,,,,,,,,,,,,,,,,,,,,,,,,,,,,,,,,,,,,,,,,,,,,,,,,0.0,0.0,0.0,0.0
26,2022-08-12 15:34:35.500000,-94.176239,41.51775,,,,,,,,,,,,,,,,,,,,,,,,,,,,,,397.0,Band 66,66986.0,132522.0,10.0,-94.69,-16.63,-60.19,,,-3.0,15.8,10.0,11.0,,,,,,TM4,15.0,,,,,,,,,,,,,,,,,,,,,,,,,,,,,,,,,,NonCA,,Band 66,,,,
27,2022-08-12 15:34:35.800000,-94.176109,41.51775,,,,,,,,,,,,,,,,,,,,,,,,,,,,,,,,,,,,,,,,,,,,,,,,,,,,,,,,,,,,,,,,,,,,,,,,,,,,,,,,0.0,,0.0,0.0,,,,0.0,0.0,0.0,0.0
28,2022-08-12 15:34:36.000000,-94.176018,41.51775,-94.17602,41.51775,15:34:36,90.0,131.0,131.0,36.67,1.0,2.0,,,,,,,,,,,,,,,,,,LTE,,LTE Qualcomm,397.0,Band 66,66986.0,132522.0,10.0,-92.38,-7.06,-66.31,,,-3.0,20.1,14.0,15.0,,,,,,TM4,15.0,,,,,,,,,,0.0,0.0,0.0,,,,0.0,,0.0,,,,0.0,,,,0.0,,0.0,,,,,,NonCA,,Band 66,,,,
29,2022-08-12 15:34:36.100000,-94.175972,41.51775,,,,,,,,,,,8.0,7.0,325.0,20.0,10.0,46.0,291.0,30.0,18.0,64.0,142.0,35.0,23.0,70.0,340.0,34.0,,,,397.0,Band 66,66986.0,132522.0,10.0,-93.13,-7.44,-67.19,,-3.25,-2.0,20.5,14.0,15.0,,,,,,TM4,15.0,,,,,,,,,,,,,,,,,,,,,,,,,,,,,,0.0,0.0,0.0,,NonCA,,Band 66,,,,
30,2022-08-12 15:34:36.300000,-94.175888,41.51775,,,,,,,,,,,,,,,,,,,,,,,,,,,,,,,,,,,,,,,,,,,,,,,,,,,,,,,,,,,,,,,,,,,,,,,,,,,,,,,,,,,,,,,0.0,0.0,0.0,0.0
31,2022-08-12 15:34:36.400000,-94.175842,41.51775,,,,,,,,,,,,,,,,,,,,,,,,,,,,,,397.0,Band 66,66986.0,132522.0,10.0,-94.19,-11.0,-66.19,,,5.5,15.4,9.5,10.5,2.0,0.0,100.0,0.0,0.0,TM4,15.0,,,,,,,,,,,,,,,,,,,,,,,,,,,,,,,,0.0,,NonCA,,Band 66,,,,
32,2022-08-12 15:34:36.500000,-94.175797,41.51775,,,,,,,,,,,,,,,,,,,,,,,,,,,,,,397.0,Band 66,66986.0,132522.0,10.0,-101.28,-13.53,-65.33,,,0.0,17.43,11.0,12.0,,,,,,TM4,15.0,,,,,,,,,,,,,,,,,,,,,,,,,,,,,,0.0,,,,NonCA,,Band 66,,,,
33,2022-08-12 15:34:36.600000,-94.175758,41.51775,,,,,,,,,,,,,,,,,,,,,,,,,,,,,,397.0,Band 66,66986.0,132522.0,10.0,-102.96,-14.88,-64.95,,,1.0,17.09,,,2.0,0.0,100.0,0.0,0.0,TM4,,,,,,,,,,,,,,,,,,,,,,,,,,,,,,,,,,0.0,NonCA,,Band 66,,,,
34,2022-08-12 15:34:36.700000,-94.175713,41.51775,,,,,,,,,,,,,,,,,,,,,,,,,,,,,,397.0,Band 66,66986.0,132522.0,10.0,-101.05,-11.99,-66.91,,,1.0,15.62,8.0,9.0,,,,,,TM4,15.0,,0.0,,,QPSK,,,3.0,,,,,,0.0,,,,,,3.0,,,,0.0,,,,,,0.0,,0.0,,NonCA,,Band 66,,,,
35,2022-08-12 15:34:36.800000,-94.175667,41.51775,,,,,,,,,,,,,,,,,,,,,,,,,,,,,,397.0,Band 66,66986.0,132522.0,10.0,-104.88,-12.38,-70.0,,,2.0,16.9,,,,,,,,,,,,,,,,,,,,,,,,,,,,,,,,,,,,,,,,,,,NonCA,,Band 66,0.0,0.0,0.0,0.0
36,2022-08-12 15:34:36.900000,-94.175629,41.51775,,,,,,,,,,,,,,,,,,,,,,,,,,,,,,397.0,Band 66,66986.0,132522.0,10.0,-97.41,-9.59,-68.93,,,5.86,16.4,,,2.0,0.0,100.0,0.0,0.0,TM4,,,0.0,,,QPSK,,,3.0,,,,,,0.0,,,,,,3.0,,,,0.0,,,,,,,,,,NonCA,,Band 66,,,,
37,2022-08-12 15:34:37.000000,-94.175583,41.51775,-94.17558,41.51775,15:34:37,90.0,131.0,131.0,36.67,1.0,2.0,,,,,,,,,,,,,,,,,,LTE,,LTE Qualcomm,397.0,Band 66,66986.0,132522.0,10.0,-100.61,-10.33,-68.17,,,0.0,14.71,9.0,10.0,,,,,,TM4,15.0,4x2,,,20.67,,,256QAM,,1.67,0.05,0.05,0.0,0.0,,,0.007,0.009,0.007,0.008,,1.67,0.05,0.0,,,0.007,0.009,0.007,0.008,0.002,,0.002,,NonCA,NonCA,Band 66,,,,
38,2022-08-12 15:34:37.100000,-94.175537,41.51775,,,,,,,,,,,,,,,,,,,,,,,,,,,,,,397.0,Band 66,66986.0,132522.0,10.0,-103.83,-13.46,-68.56,,,7.5,8.55,9.33,4.33,1.0,100.0,0.0,0.0,0.0,TM4,14.0,,,,,,,,,,,,,,,0.0,,,,,,,,,,0.0,,,,,,,,,NonCA,,Band 66,,,,
39,2022-08-12 15:34:37.200000,-94.175491,41.51775,,,,,,,,,,,8.0,7.0,325.0,16.0,10.0,46.0,291.0,27.0,18.0,64.0,142.0,30.0,23.0,70.0,340.0,32.0,,,,397.0,Band 66,66986.0,132522.0,10.0,-105.31,-14.74,-68.15,14.0,,4.5,10.73,,,1.0,100.0,0.0,0.0,0.0,TM4,,,5.67,,,64QAM,,,2.67,,,,,,0.0,,,,,,2.67,,,,0.0,,,,,,0.002,,0.002,,NonCA,,Band 66,,,,
40,2022-08-12 15:34:37.300000,-94.175453,41.51775,,,,,,,,,,,,,,,,,,,,,,,,,,,,,,397.0,Band 66,66986.0,132522.0,10.0,-103.99,-14.77,-67.29,,2.0,7.71,10.41,15.0,0.0,,,,,,TM4,15.0,,,,,,,,,,,,,,,,,,,,,,,,,,,,,,,,,,NonCA,,Band 66,0.002,0.003,132.0,198.0
41,2022-08-12 15:34:37.400000,-94.175407,41.51775,,,,,,,,,,,,,,,,,,,,,,,,,,,,,,397.0,Band 66,66986.0,132522.0,10.0,-104.05,-12.13,-67.47,,,3.0,14.48,15.0,0.0,,,,,,TM4,15.0,,,,,,,,,,,,,,,,,,,,,,,,,,,,,,,0.001,,,NonCA,,Band 66,,,,
42,2022-08-12 15:34:37.500000,-94.175362,41.51775,,,,,,,,,,,,,,,,,,,,,,,,,,,,,,397.0,Band 66,66986.0,132522.0,10.0,-101.53,-9.51,-66.79,,,4.57,16.16,15.0,0.0,2.0,0.0,100.0,0.0,0.0,TM4,15.0,,4.25,,,QPSK,,,3.0,,,,,,0.0,0.0,,,,,3.0,,,,0.0,0.0,,,,,0.002,,0.002,,NonCA,,Band 66,,,,
43,2022-08-12 15:34:37.600000,-94.175316,41.51775,,,,,,,,,,,,,,,,,,,,,,,,,,,,,,397.0,Band 66,66986.0,132522.0,10.0,-102.32,-9.44,-68.28,,,-1.0,17.35,11.0,11.0,,,,,,TM4,15.0,,,,,,,,,,,,,,,,,,,,,,,,,,,,,,,,,0.002,NonCA,,Band 66,,,,
44,2022-08-12 15:34:37.700000,-94.17527,41.51775,,,,,,,,,,,,,,,,,,,,,,,,,,,,,,397.0,Band 66,66986.0,132522.0,10.0,-102.48,-9.94,-68.27,,,3.13,16.95,12.0,12.0,2.0,0.0,100.0,0.0,0.0,TM4,15.0,,,,,,,,,,,,,,,,,,,,,,,,,,,,,,0.004,,0.004,,NonCA,,Band 66,,,,
45,2022-08-12 15:34:37.800000,-94.175232,41.51775,,,,,,,,,,,,,,,,,,,,,,,,,,,,,,397.0,Band 66,66986.0,132522.0,10.0,-99.81,-11.52,-65.84,,,5.5,15.34,12.0,11.0,,,,,,TM4,15.0,,5.5,,,64QAM,,,3.0,,,,,,0.0,,,,,,3.0,,,,0.0,,,,,,,,,,NonCA,,Band 66,0.003,0.002,198.0,132.0
46,2022-08-12 15:34:37.900000,-94.175186,41.51775,,,,,,,,,,,,,,,,,,,,,,,,,,,,,,397.0,Band 66,66986.0,132522.0,10.0,-99.84,-12.24,-64.96,,,3.89,16.44,10.0,10.0,2.0,0.0,100.0,0.0,0.0,TM4,15.0,,,,23.0,,,256QAM,,1.55,,,,,,16.67,,,,,,1.55,,,,16.67,,,,,,,,,NonCA,NonCA,Band 66,,,,
47,2022-08-12 15:34:38.000000,-94.17514,41.51775,-94.17514,41.51775,15:34:38,90.0,131.0,131.0,36.67,1.0,2.0,,,,,,,,,,,,,,,,,,LTE,,LTE Qualcomm,397.0,Band 66,66986.0,132522.0,10.0,-101.2,-12.16,-64.89,,,,18.08,12.0,11.0,,,,,,TM4,15.0,,,,,,,,,,0.05,0.05,0.0,0.03,,,0.013,0.024,0.013,0.018,,,0.05,0.03,,,0.013,0.024,0.013,0.018,0.002,,0.002,,NonCA,,Band 66,,,,
48,2022-08-12 15:34:38.100000,-94.175095,41.51775,,,,,,,,,,,,,,,,,,,,,,,,,,,,,,397.0,Band 66,66986.0,132522.0,10.0,-101.13,-12.12,-65.97,,,1.71,17.9,13.0,12.0,,,,,,TM4,15.0,,6.67,,,QPSK,,,3.0,,,,,,0.0,,,,,,3.0,,,,0.0,,,,,,,,,,NonCA,,Band 66,,,,
49,2022-08-12 15:34:38.200000,-94.175049,41.51775,,,,,,,,,,,8.0,7.0,325.0,27.0,10.0,46.0,291.0,27.0,18.0,64.0,142.0,31.0,23.0,70.0,340.0,33.0,,,,397.0,Band 66,66986.0,132522.0,10.0,-101.03,-9.48,-67.78,,,6.67,17.79,,,2.0,0.0,100.0,0.0,0.0,TM4,,,,,,,,,,,,,,,,,,,,,,,,,,,,,,,,,0.002,,NonCA,,Band 66,,,,
50,2022-08-12 15:34:38.300000,-94.175011,41.51775,,,,,,,,,,,,,,,,,,,,,,,,,,,,,,397.0,Band 66,66986.0,132522.0,10.0,-101.31,-11.43,-65.51,,,5.08,18.78,13.0,12.0,2.0,0.0,100.0,0.0,0.0,TM4,15.0,,,,25.0,,,256QAM,,2.0,,,,,,28.57,,,,,,2.0,,,,28.57,,,,,0.002,,,,NonCA,NonCA,Band 66,0.002,0.003,132.0,198.0
51,2022-08-12 15:34:38.400000,-94.174965,41.51775,,,,,,,,,,,,,,,,,,,,,,,,,,,,,,397.0,Band 66,66986.0,132522.0,10.0,-99.17,-9.43,-65.97,,,1.7,20.27,13.0,13.0,,,,,,TM4,15.0,,13.33,,,256QAM,,,3.0,,,,,,0.0,0.0,,,,,3.0,,,,0.0,0.0,,,,,,,,,NonCA,,Band 66,,,,
52,2022-08-12 15:34:38.500000,-94.174919,41.51775,,,,,,,,,,,,,,,,,,,,,,,,,,,,,,397.0,Band 66,66986.0,132522.0,10.0,-98.99,-9.41,-66.69,11.12,,5.7,19.9,,,2.0,0.0,100.0,0.0,0.0,TM4,,,,,,,,,,,,,,,,,,,,,,,,,,,,,,,0.002,,0.002,,NonCA,,Band 66,,,,
53,2022-08-12 15:34:38.600000,-94.174873,41.51775,,,,,,,,,,,,,,,,,,,,,,,,,,,,,,397.0,Band 66,66986.0,132522.0,10.0,-100.88,-10.4,-68.23,,0.56,4.38,18.03,13.0,13.0,,,,,,TM4,15.0,,,,,,,,,,,,,,,,,,,,,,,,,,,,,,,,,0.003,NonCA,,Band 66,,,,
54,2022-08-12 15:34:38.700000,-94.174828,41.51775,,,,,,,,,,,,,,,,,,,,,,,,,,,,,,397.0,Band 66,66986.0,132522.0,10.0,-100.68,-11.19,-67.94,,,4.2,17.81,14.0,13.0,,,,,,TM4,15.0,,7.0,,,QPSK,,,3.0,,,,,,0.0,,,,,,3.0,,,,0.0,,,,,,0.004,,0.004,,NonCA,,Band 66,,,,
55,2022-08-12 15:34:38.800000,-94.174789,41.51775,,,,,,,,,,,,,,,,,,,,,,,,,,,,,,397.0,Band 66,66986.0,132522.0,10.0,-97.22,-10.55,-66.38,,,3.67,20.06,12.0,12.0,2.0,0.0,100.0,0.0,0.0,TM4,15.0,,,,,,,,,,,,,,,,,,,,,,,,,,,,,,,0.003,,,NonCA,,Band 66,0.003,0.002,198.0,132.0
56,2022-08-12 15:34:38.900000,-94.174744,41.51775,,,,,,,,,,,,,,,,,,,,,,,,,,,,,,397.0,Band 66,66986.0,132522.0,10.0,-96.19,-9.34,-66.79,,,3.25,21.73,14.0,12.5,2.0,0.0,100.0,0.0,0.0,TM4,15.0,,,,,,,,,,,,,,,20.0,,,,,,,,,,20.0,,,,,,,,,NonCA,,Band 66,,,,
57,2022-08-12 15:34:39.000000,-94.174698,41.51775,-94.1747,41.51775,15:34:39,90.0,131.0,131.0,36.67,1.0,2.0,,,,,,,,,,,,,,,,,,LTE,,LTE Qualcomm,397.0,Band 66,66986.0,132522.0,10.0,-96.17,-9.16,-65.57,,,6.5,23.3,14.0,13.0,,,,,,TM4,15.0,4x2,13.33,,,256QAM,,,3.0,,0.05,0.05,0.0,0.03,0.0,,0.015,0.021,0.015,0.021,3.0,,0.05,0.03,0.0,,0.015,0.021,0.015,0.021,0.002,,0.002,,NonCA,,Band 66,,,,
58,2022-08-12 15:34:39.100000,-94.174652,41.51775,,,,,,,,,,,,,,,,,,,,,,,,,,,,,,397.0,Band 66,66986.0,132522.0,10.0,-96.15,-8.43,-65.78,,,2.86,24.13,14.0,13.0,,,,,,TM4,15.0,,,,22.09,,,256QAM,,2.0,,,,,,,,,,,,2.0,,,,,,,,,,,,,NonCA,NonCA,Band 66,,,,
59,2022-08-12 15:34:39.200000,-94.174614,41.517746,,,,,,,,,,,8.0,7.0,325.0,27.0,10.0,46.0,291.0,29.0,18.0,64.0,142.0,33.0,23.0,70.0,340.0,33.0,,,,397.0,Band 66,66986.0,132522.0,10.0,-96.69,-7.56,-66.59,,,-4.0,22.18,13.0,14.0,2.0,0.0,100.0,0.0,0.0,TM4,15.0,,,,,,,,,,,,,,,,,,,,,,,,,,,,,,,,0.002,,NonCA,,Band 66,,,,
60,2022-08-12 15:34:39.300000,-94.174568,41.517746,,,,,,,,,,,,,,,,,,,,,,,,,,,,,,397.0,Band 66,66986.0,132522.0,10.0,-100.29,-9.23,-68.25,,,2.5,20.31,14.0,14.0,,,,,,TM4,15.0,,10.0,,,256QAM,,,3.0,,,,,,0.0,0.0,,,,,3.0,,,,0.0,0.0,,,,,0.002,,,,NonCA,,Band 66,0.002,0.003,132.0,198.0
61,2022-08-12 15:34:39.400000,-94.17453,41.517746,,,,,,,,,,,,,,,,,,,,,,,,,,,,,,397.0,Band 66,66986.0,132522.0,10.0,-101.88,-11.16,-68.78,,,-1.0,18.59,14.0,14.0,,,,,,TM4,15.0,,,,,,,,,,,,,,,,,,,,,,,,,,,,,,,,,,NonCA,,Band 66,,,,
62,2022-08-12 15:34:39.500000,-94.174484,41.517746,,,,,,,,,,,,,,,,,,,,,,,,,,,,,,397.0,Band 66,66986.0,132522.0,10.0,-97.4,-10.14,-67.03,,,5.56,21.14,15.0,12.5,2.0,0.0,100.0,0.0,0.0,TM4,15.0,,,,22.67,,,256QAM,,2.0,,,,,,,,,,,,2.0,,,,,,,,,0.002,,0.002,,NonCA,NonCA,Band 66,,,,
63,2022-08-12 15:34:39.600000,-94.174446,41.517742,,,,,,,,,,,,,,,,,,,,,,,,,,,,,,397.0,Band 66,66986.0,132522.0,10.0,-95.15,-7.48,-66.62,,,-1.0,21.6,12.0,11.0,,,,,,TM4,15.0,,10.0,,,256QAM,,,3.0,,,,,,0.0,,,,,,3.0,,,,0.0,,,,,,,,,0.003,NonCA,,Band 66,,,,
64,2022-08-12 15:34:39.700000,-94.174408,41.517742,,,,,,,,,,,,,,,,,,,,,,,,,,,,,,397.0,Band 66,66986.0,132522.0,10.0,-96.2,-8.22,-67.38,,,4.57,20.76,10.0,11.0,,,,,,TM4,15.0,,,,,,,,,,,,,,,0.0,,,,,,,,,,0.0,,,,,0.004,,0.004,,NonCA,,Band 66,,,,
65,2022-08-12 15:34:39.800000,-94.174362,41.517742,,,,,,,,,,,,,,,,,,,,,,,,,,,,,,397.0,Band 66,66986.0,132522.0,10.0,-101.1,-11.13,-69.13,13.18,,0.0,18.01,,,2.0,0.0,100.0,0.0,0.0,TM4,,,,,,,,,,,,,,,,,,,,,,,,,,,,,,,,,,,NonCA,,Band 66,0.003,0.002,198.0,132.0
66,2022-08-12 15:34:39.900000,-94.174324,41.517738,,,,,,,,,,,,,,,,,,,,,,,,,,,,,,397.0,Band 66,66986.0,132522.0,10.0,-98.87,-11.37,-67.97,,-0.45,5.2,18.12,14.0,13.0,,,,,,TM4,15.0,,3.67,,,QPSK,,,3.0,,,,,,0.0,,,,,,3.0,,,,0.0,,,,,,,,,,NonCA,,Band 66,,,,
67,2022-08-12 15:34:40.000000,-94.174278,41.517738,-94.17428,41.51774,15:34:40,90.0,131.0,131.0,35.02,1.0,2.0,,,,,,,,,,,,,,,,,,LTE,,LTE Qualcomm,397.0,Band 66,66986.0,132522.0,10.0,-95.38,-9.5,-66.35,,,2.25,21.05,12.5,11.5,,,,,,TM4,15.0,,,,,,,,,,0.04,0.04,0.0,0.03,,,0.016,0.017,0.016,0.017,,,0.04,0.03,,,0.016,0.017,0.016,0.017,0.002,,0.002,,NonCA,,Band 66,,,,
68,2022-08-12 15:34:40.100000,-94.174232,41.517738,,,,,,,,,,,,,,,,,,,,,,,,,,,,,,397.0,Band 66,66986.0,132522.0,10.0,-98.85,-9.21,-68.47,,,3.71,21.89,14.0,14.0,2.0,0.0,100.0,0.0,0.0,TM4,15.0,,,,,,,,,,,,,,,0.0,,,,,,,,,,0.0,,,,,,,,,NonCA,,Band 66,,,,
69,2022-08-12 15:34:40.200000,-94.174187,41.517738,,,,,,,,,,,8.0,7.0,325.0,26.0,10.0,46.0,291.0,28.0,18.0,64.0,142.0,34.0,23.0,70.0,340.0,33.0,,,,397.0,Band 66,66986.0,132522.0,10.0,-97.4,-10.57,-65.81,,,4.5,21.47,14.0,13.0,,,,,,TM4,15.0,,13.33,,,256QAM,,,3.0,,,,,,0.0,,,,,,3.0,,,,0.0,,,,,,,,0.002,,NonCA,,Band 66,,,,
70,2022-08-12 15:34:40.300000,-94.174141,41.517738,,,,,,,,,,,,,,,,,,,,,,,,,,,,,,397.0,Band 66,66986.0,132522.0,10.0,-95.89,-10.07,-66.02,,,2.13,21.4,13.0,13.0,,,,,,TM4,15.0,,,,,,,,,,,,,,,,,,,,,,,,,,,,,,0.002,0.003,,,NonCA,,Band 66,0.002,0.003,132.0,198.0
71,2022-08-12 15:34:40.400000,-94.174095,41.517738,,,,,,,,,,,,,,,,,,,,,,,,,,,,,,397.0,Band 66,66986.0,132522.0,10.0,-96.91,-11.02,-66.19,,,-3.0,21.05,,,2.0,0.0,100.0,0.0,0.0,TM4,,,,,,,,,,,,,,,,,,,,,,,,,,,,,,,,,,,NonCA,,Band 66,,,,
72,2022-08-12 15:34:40.500000,-94.174057,41.517738,,,,,,,,,,,,,,,,,,,,,,,,,,,,,,397.0,Band 66,66986.0,132522.0,10.0,-96.91,-10.99,-64.64,,,0.67,22.35,13.0,14.0,,,,,,TM4,15.0,,6.67,,23.5,QPSK,,256QAM,3.0,1.9,,,,,0.0,0.0,,,,,3.0,1.9,,,0.0,0.0,,,,,0.002,,0.002,,NonCA,NonCA,Band 66,,,,
73,2022-08-12 15:34:40.600000,-94.174011,41.517738,,,,,,,,,,,,,,,,,,,,,,,,,,,,,,397.0,Band 66,66986.0,132522.0,10.0,-98.29,-9.32,-67.07,,,4.5,22.21,14.0,15.0,,,,,,TM4,15.0,,,,,,,,,,,,,,,,,,,,,,,,,,,,,,,,,0.003,NonCA,,Band 66,,,,
74,2022-08-12 15:34:40.700000,-94.173965,41.517738,,,,,,,,,,,,,,,,,,,,,,,,,,,,,,397.0,Band 66,66986.0,132522.0,10.0,-98.14,-10.85,-64.76,,,3.71,21.64,13.0,14.0,2.0,0.0,100.0,0.0,0.0,TM4,15.0,,,,,,,,,,,,,,,,,,,,,,,,,,,,,,0.004,,0.002,,NonCA,,Band 66,,,,
75,2022-08-12 15:34:40.800000,-94.17392,41.517738,,,,,,,,,,,,,,,,,,,,,,,,,,,,,,397.0,Band 66,66986.0,132522.0,10.0,-98.66,-9.18,-66.74,,,4.0,20.1,12.0,13.0,,,,,,TM4,15.0,,13.67,,,256QAM,,,3.0,,,,,,0.0,,,,,,3.0,,,,0.0,,,,,,,,,,NonCA,,Band 66,0.003,0.002,198.0,132.0
76,2022-08-12 15:34:40.900000,-94.173874,41.517738,,,,,,,,,,,,,,,,,,,,,,,,,,,,,,397.0,Band 66,66986.0,132522.0,10.0,-98.99,-10.18,-66.04,,,3.4,22.72,13.0,13.0,,,,,,TM4,15.0,,,,22.5,,,256QAM,,2.0,,,,,,,,,,,,2.0,,,,,,,,,,,,,NonCA,NonCA,Band 66,,,,
77,2022-08-12 15:34:41.000000,-94.173828,41.517738,-94.17383,41.51774,15:34:41,90.0,131.0,131.0,37.51,1.0,2.0,,,,,,,,,,,,,,,,,,LTE,,LTE Qualcomm,397.0,Band 66,66986.0,132522.0,10.0,-99.29,-9.93,-66.12,,,2.67,21.04,14.0,14.0,,,,,,TM4,15.0,4x2,,,,,,,,,0.04,0.04,0.0,0.02,,0.0,0.012,0.017,0.012,0.017,,,0.04,0.02,,0.0,0.012,0.017,0.012,0.017,0.002,,0.004,,NonCA,,Band 66,,,,
78,2022-08-12 15:34:41.100000,-94.173782,41.517738,,,,,,,,,,,,,,,,,,,,,,,,,,,,,,397.0,Band 66,66986.0,132522.0,10.0,-100.1,-10.2,-67.43,12.14,,3.2,20.77,,,2.0,0.0,100.0,0.0,0.0,TM4,,,6.67,,,QPSK,,,3.0,,,,,,0.0,,,,,,3.0,,,,0.0,,,,,,,,,,NonCA,,Band 66,,,,
79,2022-08-12 15:34:41.200000,-94.173744,41.517738,,,,,,,,,,,8.0,7.0,325.0,26.0,10.0,46.0,291.0,26.0,18.0,64.0,142.0,32.0,23.0,70.0,340.0,34.0,,,,397.0,Band 66,66986.0,132522.0,10.0,-99.01,-10.49,-66.24,,-0.71,3.33,20.57,13.0,12.5,,,,,,TM4,15.0,,,,,,,,,,,,,,,,,,,,,,,,,,,,,,,,0.002,,NonCA,,Band 66,,,,
80,2022-08-12 15:34:41.300000,-94.173698,41.517738,,,,,,,,,,,,,,,,,,,,,,,,,,,,,,397.0,Band 66,66986.0,132522.0,10.0,-100.08,-11.21,-67.26,,,3.25,19.87,12.0,12.0,2.0,0.0,100.0,0.0,0.0,TM4,15.0,,,,,,,,,,,,,,,,,,,,,,,,,,,,,,0.002,,,,NonCA,,Band 66,0.002,0.003,132.0,198.0
81,2022-08-12 15:34:41.400000,-94.173653,41.517738,,,,,,,,,,,,,,,,,,,,,,,,,,,,,,397.0,Band 66,66986.0,132522.0,10.0,-102.52,-11.72,-68.59,,,2.88,19.98,,,2.0,0.0,100.0,0.0,0.0,TM4,,,13.33,,,256QAM,,,2.67,,,,,,0.0,,,,,,2.67,,,,0.0,,,,,,,,,,NonCA,,Band 66,,,,
82,2022-08-12 15:34:41.500000,-94.173615,41.517738,,,,,,,,,,,,,,,,,,,,,,,,,,,,,,397.0,Band 66,66986.0,132522.0,10.0,-101.4,-10.26,-68.55,,,3.8,21.11,14.0,13.0,,,,,,TM4,15.0,,,,,,,,,,,,,,,0.0,,,,,,,,,,0.0,,,,,0.002,,0.002,,NonCA,,Band 66,,,,
83,2022-08-12 15:34:41.600000,-94.173569,41.517738,,,,,,,,,,,,,,,,,,,,,,,,,,,,,,397.0,Band 66,66986.0,132522.0,10.0,-101.41,-10.07,-69.46,,,2.67,20.34,12.0,12.0,,,,,,TM4,15.0,,,,,,,,,,,,,,,,,,,,,,,,,,,,,,,,,0.003,NonCA,,Band 66,,,,
84,2022-08-12 15:34:41.700000,-94.173523,41.517738,,,,,,,,,,,,,,,,,,,,,,,,,,,,,,397.0,Band 66,66986.0,132522.0,10.0,-101.3,-11.28,-67.47,,,1.7,20.44,13.0,13.0,2.0,0.0,100.0,0.0,0.0,TM4,15.0,,6.67,,23.0,QPSK,,256QAM,3.0,1.4,,,,,0.0,,,,,,3.0,1.4,,,0.0,,,,,,,0.003,0.002,,NonCA,NonCA,Band 66,,,,
85,2022-08-12 15:34:41.800000,-94.173477,41.517738,,,,,,,,,,,,,,,,,,,,,,,,,,,,,,397.0,Band 66,66986.0,132522.0,10.0,-99.95,-11.83,-66.38,,,1.88,20.92,14.0,13.0,,,,,,TM4,15.0,,,,,,,,,,,,,,,,,,,,,,,,,,,,,,0.004,,,,NonCA,,Band 66,0.003,0.002,198.0,132.0
86,2022-08-12 15:34:41.900000,-94.173439,41.517738,,,,,,,,,,,,,,,,,,,,,,,,,,,,,,397.0,Band 66,66986.0,132522.0,10.0,-97.97,-11.78,-65.01,,,3.92,20.04,13.0,12.0,2.0,0.0,100.0,0.0,0.0,TM4,15.0,,,,,,,,,,,,,,,0.0,,,,,,,,,,0.0,,,,,,,,,NonCA,,Band 66,,,,
87,2022-08-12 15:34:42.000000,-94.173393,41.517738,-94.17339,41.51774,15:34:42,90.0,131.0,131.0,36.67,1.0,2.0,,,,,,,,,,,,,,,,,,LTE,,LTE Qualcomm,397.0,Band 66,66986.0,132522.0,10.0,-100.62,-13.65,-65.42,,,7.0,20.41,12.0,12.0,2.0,0.0,100.0,0.0,0.0,TM4,15.0,,13.33,,,256QAM,,,3.0,,0.04,0.04,0.0,0.02,0.0,,0.014,0.016,0.014,0.015,3.0,,0.04,0.02,0.0,,0.014,0.016,0.014,0.015,0.002,,0.004,,NonCA,,Band 66,,,,
88,2022-08-12 15:34:42.100000,-94.173347,41.517738,,,,,,,,,,,,,,,,,,,,,,,,,,,,,,397.0,Band 66,66986.0,132522.0,10.0,-100.6,-13.22,-65.67,,,3.63,21.28,14.0,13.0,,,,,,TM4,15.0,,,,,,,,,,,,,,,,,,,,,,,,,,,,,,,,,,NonCA,,Band 66,,,,
89,2022-08-12 15:34:42.200000,-94.173302,41.517738,,,,,,,,,,,8.0,7.0,325.0,26.0,10.0,46.0,291.0,28.0,18.0,64.0,142.0,32.0,23.0,70.0,340.0,34.0,,,,397.0,Band 66,66986.0,132522.0,10.0,-100.95,-11.23,-67.66,,,5.5,21.9,14.0,13.0,,,,,,TM4,15.0,,,,22.67,,,256QAM,,1.67,,,,,,,,,,,,1.67,,,,,,,,,,,0.002,,NonCA,NonCA,Band 66,,,,
90,2022-08-12 15:34:42.300000,-94.173264,41.517738,,,,,,,,,,,,,,,,,,,,,,,,,,,,,,397.0,Band 66,66986.0,132522.0,10.0,-99.06,-10.66,-65.89,,,3.8,22.57,14.0,14.0,,,,,,TM4,15.0,,6.67,,,QPSK,,,3.0,,,,,,0.0,25.0,,,,,3.0,,,,0.0,25.0,,,,,0.002,,,,NonCA,,Band 66,0.002,0.003,132.0,198.0
91,2022-08-12 15:34:42.400000,-94.173218,41.517738,,,,,,,,,,,,,,,,,,,,,,,,,,,,,,397.0,Band 66,66986.0,132522.0,10.0,-99.66,-9.89,-65.98,11.82,,2.5,21.78,15.0,13.0,2.0,0.0,100.0,0.0,0.0,TM4,15.0,,,,,,,,,,,,,,,,,,,,,,,,,,,,,,,,,,NonCA,,Band 66,,,,
92,2022-08-12 15:34:42.500000,-94.173172,41.517738,,,,,,,,,,,,,,,,,,,,,,,,,,,,,,397.0,Band 66,66986.0,132522.0,10.0,-99.14,-10.26,-64.8,,-0.26,6.3,22.77,15.0,13.0,2.0,0.0,100.0,0.0,0.0,TM4,15.0,,,,,,,,,,,,,,,,,,,,,,,,,,,,,,0.002,,0.002,,NonCA,,Band 66,,,,
93,2022-08-12 15:34:42.600000,-94.173126,41.517738,,,,,,,,,,,,,,,,,,,,,,,,,,,,,,397.0,Band 66,66986.0,132522.0,10.0,-99.92,-9.44,-66.44,,,4.63,20.97,14.0,13.0,,,,,,TM4,15.0,,13.67,,,256QAM,,,2.67,,,,,,0.0,,,,,,2.67,,,,0.0,,,,,,,,,0.003,NonCA,,Band 66,,,,
94,2022-08-12 15:34:42.700000,-94.17308,41.517738,,,,,,,,,,,,,,,,,,,,,,,,,,,,,,397.0,Band 66,66986.0,132522.0,10.0,-100.74,-12.18,-64.36,,,4.0,19.48,13.0,12.0,2.0,0.0,100.0,0.0,0.0,TM4,15.0,,,,,,,,,,,,,,,0.0,,,,,,,,,,0.0,,,,,0.002,,0.002,,NonCA,,Band 66,,,,
95,2022-08-12 15:34:42.800000,-94.173042,41.517738,,,,,,,,,,,,,,,,,,,,,,,,,,,,,,397.0,Band 66,66986.0,132522.0,10.0,-102.43,-14.34,-64.83,,,2.0,18.39,14.0,12.0,,,,,,TM4,15.0,,,,,,,,,,,,,,,,,,,,,,,,,,,,,,,,,,NonCA,,Band 66,0.003,0.002,198.0,132.0
96,2022-08-12 15:34:42.900000,-94.172997,41.517738,,,,,,,,,,,,,,,,,,,,,,,,,,,,,,397.0,Band 66,66986.0,132522.0,10.0,-101.6,-15.18,-64.71,,,3.3,18.67,12.0,11.0,,,,,,TM4,15.0,,6.67,,,QPSK,,,3.0,,,,,,0.0,,,,,,3.0,,,,0.0,,,,,,,,,,NonCA,,Band 66,,,,
97,2022-08-12 15:34:43.000000,-94.172951,41.517738,-94.17295,41.51774,15:34:43,90.0,131.0,131.0,36.67,1.0,2.0,,,,,,,,,,,,,,,,,,LTE,,LTE Qualcomm,397.0,Band 66,66986.0,132522.0,10.0,-101.4,-14.16,-65.41,,,5.63,17.41,,,2.0,0.0,100.0,0.0,0.0,TM4,,4x2,,,,,,,,,0.04,0.04,0.0,0.02,,,0.016,0.018,0.016,0.016,,,0.04,0.02,,,0.016,0.018,0.016,0.016,0.004,,0.004,,NonCA,,Band 66,,,,
98,2022-08-12 15:34:43.100000,-94.172905,41.517738,,,,,,,,,,,,,,,,,,,,,,,,,,,,,,397.0,Band 66,66986.0,132522.0,10.0,-103.67,-15.64,-65.65,,,8.25,17.85,13.0,11.67,2.0,0.0,100.0,0.0,0.0,TM4,15.0,,,,23.45,,,256QAM,,1.73,,,,,,14.29,,,,,,1.73,,,,14.29,,,,,,0.003,,,NonCA,NonCA,Band 66,,,,
99,2022-08-12 15:34:43.200000,-94.172859,41.517738,,,,,,,,,,,8.0,7.0,325.0,23.0,10.0,46.0,291.0,27.0,18.0,64.0,142.0,32.0,23.0,70.0,340.0,34.0,,,,397.0,Band 66,66986.0,132522.0,10.0,-104.27,-15.58,-66.0,,,4.0,19.36,14.0,14.0,,,,,,TM4,15.0,,13.33,,,256QAM,,,3.0,,,,,,0.0,,,,,,3.0,,,,0.0,,,,,,,,0.002,,NonCA,,Band 66,,,,
100,2022-08-12 15:34:43.300000,-94.172813,41.517738,,,,,,,,,,,,,,,,,,,,,,,,,,,,,,397.0,Band 66,66986.0,132522.0,10.0,-101.82,-13.26,-65.28,,,4.1,21.22,,,2.0,0.0,100.0,0.0,0.0,TM4,,,,,,,,,,,,,,,,,,,,,,,,,,,,,,,0.002,,,,NonCA,,Band 66,0.002,0.003,132.0,198.0
101,2022-08-12 15:34:43.400000,-94.172768,41.517738,,,,,,,,,,,,,,,,,,,,,,,,,,,,,,397.0,Band 66,66986.0,132522.0,10.0,-100.47,-13.24,-63.24,,,2.63,20.9,12.0,13.0,,,,,,TM4,15.0,,,,,,,,,,,,,,,,,,,,,,,,,,,,,,,,,,NonCA,,Band 66,,,,
102,2022-08-12 15:34:43.500000,-94.172729,41.517738,,,,,,,,,,,,,,,,,,,,,,,,,,,,,,397.0,Band 66,66986.0,132522.0,10.0,-101.77,-13.78,-64.1,,,1.6,20.55,12.5,13.0,,,,,,TM4,15.0,,6.67,,23.0,QPSK,,256QAM,3.0,1.0,,,,,0.0,0.0,,,,,3.0,1.0,,,0.0,0.0,,,,,0.002,,0.002,,NonCA,NonCA,Band 66,,,,
103,2022-08-12 15:34:43.600000,-94.172684,41.517738,,,,,,,,,,,,,,,,,,,,,,,,,,,,,,397.0,Band 66,66986.0,132522.0,10.0,-101.09,-13.27,-66.13,,,2.0,21.61,,,2.0,0.0,100.0,0.0,0.0,TM4,,,,,,,,,,,,,,,,0.0,,,,,,,,,,0.0,,,,,,,,0.003,NonCA,,Band 66,,,,
104,2022-08-12 15:34:43.700000,-94.172638,41.517738,,,,,,,,,,,,,,,,,,,,,,,,,,,,,,397.0,Band 66,66986.0,132522.0,10.0,-99.8,-11.81,-65.77,12.33,,1.92,21.46,12.5,13.0,2.0,0.0,100.0,0.0,0.0,TM4,15.0,,,,,,,,,,,,,,,,,,,,,,,,,,,,,,,,0.002,,NonCA,,Band 66,,,,
105,2022-08-12 15:34:43.800000,-94.172592,41.517738,,,,,,,,,,,,,,,,,,,,,,,,,,,,,,397.0,Band 66,66986.0,132522.0,10.0,-102.19,-12.31,-67.61,,0.02,0.38,20.61,12.0,13.0,,,,,,TM4,15.0,,13.33,,,256QAM,,,3.0,,,,,,0.0,,,,,,3.0,,,,0.0,,,,,,0.002,,,,NonCA,,Band 66,0.003,0.002,198.0,132.0
106,2022-08-12 15:34:43.900000,-94.172546,41.517738,,,,,,,,,,,,,,,,,,,,,,,,,,,,,,397.0,Band 66,66986.0,132522.0,10.0,-102.16,-13.08,-66.94,,,2.75,20.26,13.0,13.0,2.0,0.0,100.0,0.0,0.0,TM4,15.0,,,,,,,,,,,,,,,,,,,,,,,,,,,,,,,,,,NonCA,,Band 66,,,,
107,2022-08-12 15:34:44.000000,-94.172501,41.517738,-94.1725,41.51774,15:34:44,90.0,131.0,131.0,37.51,1.0,2.0,,,,,,,,,,,,,,,,,,LTE,,LTE Qualcomm,397.0,Band 66,66986.0,132522.0,10.0,-101.69,-13.5,-66.18,,,2.25,20.57,14.0,14.0,,,,,,TM4,15.0,,,,,,,,,,0.05,0.05,0.01,0.02,,0.0,0.014,0.012,0.01,0.012,,,0.05,0.02,,0.0,0.014,0.012,0.01,0.012,0.004,,0.004,,NonCA,,Band 66,,,,
108,2022-08-12 15:34:44.100000,-94.172455,41.517738,,,,,,,,,,,,,,,,,,,,,,,,,,,,,,397.0,Band 66,66986.0,132522.0,10.0,-102.96,-12.22,-68.63,,,3.63,19.77,14.0,14.0,,,,,,TM4,15.0,,5.0,7.0,,QPSK,16QAM,,3.5,,,,,,40.0,,,,,,3.5,,,,40.0,,,,,,,,,,NonCA,,Band 66,,,,
109,2022-08-12 15:34:44.200000,-94.172417,41.517738,,,,,,,,,,,8.0,7.0,325.0,27.0,10.0,46.0,291.0,27.0,18.0,64.0,142.0,33.0,23.0,70.0,340.0,34.0,,,,397.0,Band 66,66986.0,132522.0,10.0,-103.38,-13.06,-67.94,,,2.63,19.09,13.0,13.0,,,,,,TM4,15.0,,,,,,,,,,,,,,,,,,,,,,,,,,,,,,,,,,NonCA,,Band 66,,,,
110,2022-08-12 15:34:44.300000,-94.172371,41.517738,,,,,,,,,,,,,,,,,,,,,,,,,,,,,,397.0,Band 66,66986.0,132522.0,10.0,-103.09,-14.22,-66.57,,,4.5,18.15,12.0,12.0,2.0,0.0,100.0,0.0,0.0,TM4,15.0,,,,23.1,,,256QAM,,1.5,,,,,,,,,,,,1.5,,,,,,,,,0.002,,0.002,,NonCA,NonCA,Band 66,0.002,0.003,132.0,198.0
111,2022-08-12 15:34:44.400000,-94.172333,41.517738,,,,,,,,,,,,,,,,,,,,,,,,,,,,,,397.0,Band 66,66986.0,132522.0,10.0,-104.48,-15.36,-67.87,,,0.7,16.16,12.0,12.0,,,,,,TM4,15.0,,13.33,,,256QAM,,,3.0,,,,,,0.0,,,,,,3.0,,,,0.0,,,,,,,,,,NonCA,,Band 66,,,,
112,2022-08-12 15:34:44.500000,-94.172287,41.517738,,,,,,,,,,,,,,,,,,,,,,,,,,,,,,397.0,Band 66,66986.0,132522.0,10.0,-104.5,-16.8,-67.13,,,3.13,15.19,10.0,11.0,,,,,,TM4,15.0,,,,,,,,,,,,,,,0.0,,,,,,,,,,0.0,,,,,0.002,,0.002,,NonCA,,Band 66,,,,
113,2022-08-12 15:34:44.600000,-94.172249,41.517738,,,,,,,,,,,,,,,,,,,,,,,,,,,,,,397.0,Band 66,66986.0,132522.0,10.0,-105.09,-17.65,-69.91,,,3.13,17.56,,,2.0,0.0,100.0,0.0,0.0,TM4,,,,,,,,,,,,,,,,,,,,,,,,,,,,,,,,0.003,,0.003,NonCA,,Band 66,,,,
114,2022-08-12 15:34:44.700000,-94.172211,41.517738,,,,,,,,,,,,,,,,,,,,,,,,,,,,,,397.0,Band 66,66986.0,132522.0,10.0,-104.7,-17.7,-70.02,,,4.67,16.64,11.5,12.0,,,,,,TM4,15.0,,3.67,,23.2,QPSK,,256QAM,3.0,1.2,,,,,0.0,,,,,,3.0,1.2,,,0.0,,,,,,0.002,,0.002,,NonCA,NonCA,Band 66,,,,
115,2022-08-12 15:34:44.800000,-94.172165,41.517738,,,,,,,,,,,,,,,,,,,,,,,,,,,,,,397.0,Band 66,66986.0,132522.0,10.0,-102.61,-16.18,-69.01,,,5.0,17.85,13.0,12.0,,,,,,TM4,15.0,,,,,,,,,,,,,,,,,,,,,,,,,,,,,,,,,,NonCA,,Band 66,0.003,0.002,198.0,132.0
116,2022-08-12 15:34:44.900000,-94.172127,41.517738,,,,,,,,,,,,,,,,,,,,,,,,,,,,,,397.0,Band 66,66986.0,132522.0,10.0,-101.21,-13.89,-69.96,,,6.3,15.37,12.0,11.0,2.0,0.0,100.0,0.0,0.0,TM4,15.0,,,,,,,,,,,,,,,0.0,,,,,,,,,,0.0,,,,,,,,,NonCA,,Band 66,,,,
117,2022-08-12 15:34:45.000000,-94.172081,41.517738,-94.17208,41.51774,15:34:45,90.0,131.0,131.0,35.01,1.0,2.0,,,,,,,,,,,,,,,,,,LTE,,LTE Qualcomm,397.0,Band 66,66986.0,132522.0,10.0,-105.46,-15.7,-69.85,11.31,0.07,1.88,13.05,11.0,11.0,,,,,,TM4,15.0,4x2,10.67,,,256QAM,,,3.0,,0.04,0.04,0.0,0.02,0.0,,0.01,0.015,0.01,0.015,3.0,,0.04,0.02,0.0,,0.01,0.015,0.01,0.015,0.004,,0.004,,NonCA,,Band 66,,,,
118,2022-08-12 15:34:45.100000,-94.172035,41.517738,,,,,,,,,,,,,,,,,,,,,,,,,,,,,,397.0,Band 66,66986.0,132522.0,10.0,-105.82,-16.84,-68.88,,,2.63,16.13,11.0,10.0,,,,,,TM4,15.0,,,,,,,,,,,,,,,,,,,,,,,,,,,,,,,,,,NonCA,,Band 66,,,,
119,2022-08-12 15:34:45.200000,-94.171989,41.517738,,,,,,,,,,,8.0,7.0,325.0,29.0,10.0,46.0,291.0,27.0,18.0,64.0,142.0,33.0,23.0,70.0,340.0,34.0,,,,397.0,Band 66,66986.0,132522.0,10.0,-103.52,-17.2,-66.98,,,0.3,15.85,12.0,11.0,2.0,0.0,100.0,0.0,0.0,TM4,15.0,,,,,,,,,,,,,,,,,,,,,,,,,,,,,,0.002,,0.002,,NonCA,,Band 66,,,,
120,2022-08-12 15:34:45.300000,-94.171951,41.517735,,,,,,,,,,,,,,,,,,,,,,,,,,,,,,397.0,Band 66,66986.0,132522.0,10.0,-105.09,-16.42,-66.13,,,-0.63,14.43,12.0,11.0,,,,,,TM4,15.0,,4.0,,,QPSK,,,2.67,,,,,,0.0,0.0,,,,,2.67,,,,0.0,0.0,,,,,,,,,NonCA,,Band 66,0.002,0.003,132.0,198.0
121,2022-08-12 15:34:45.400000,-94.171906,41.517735,,,,,,,,,,,,,,,,,,,,,,,,,,,,,,397.0,Band 66,66986.0,132522.0,10.0,-106.69,-16.87,-68.11,,,0.88,13.68,13.0,8.0,,,,,,TM4,0.0,,,,,,,,,,,,,,,,,,,,,,,,,,,,,,,,,,NonCA,,Band 66,,,,
122,2022-08-12 15:34:45.500000,-94.17186,41.517735,,,,,,,,,,,,,,,,,,,,,,,,,,,,,,397.0,Band 66,66986.0,132522.0,10.0,-106.31,-18.23,-68.06,,,4.1,12.42,13.5,8.0,2.0,0.0,100.0,0.0,0.0,TM4,0.0,,,,,,,,,,,,,,,,,,,,,,,,,,,,,,0.002,,0.002,,NonCA,,Band 66,,,,
123,2022-08-12 15:34:45.600000,-94.171814,41.517735,,,,,,,,,,,,,,,,,,,,,,,,,,,,,,397.0,Band 66,66986.0,132522.0,10.0,-106.55,-19.63,-68.38,,,0.5,14.44,13.0,8.0,,,,,,TM4,0.0,,13.33,,,256QAM,,,2.67,,,,,,0.0,,,,,,2.67,,,,0.0,,,,,,,,,0.003,NonCA,,Band 66,,,,
124,2022-08-12 15:34:45.700000,-94.171768,41.517735,,,,,,,,,,,,,,,,,,,,,,,,,,,,,,397.0,Band 66,66986.0,132522.0,10.0,-103.62,-17.44,-68.38,,,3.38,16.28,11.0,9.0,,,,,,TM4,15.0,,,,23.67,,,256QAM,,1.33,,,,,,0.0,,,,,,1.33,,,,0.0,,,,,0.002,,0.002,,NonCA,NonCA,Band 66,,,,
125,2022-08-12 15:34:45.800000,-94.17173,41.517731,,,,,,,,,,,,,,,,,,,,,,,,,,,,,,397.0,Band 66,66986.0,132522.0,10.0,-103.8,-16.73,-69.14,,,2.88,16.35,11.0,10.0,,,,,,TM4,15.0,,,,,,,,,,,,,,,,,,,,,,,,,,,,,,,,,,NonCA,,Band 66,0.003,0.002,198.0,132.0
126,2022-08-12 15:34:45.900000,-94.171684,41.517731,,,,,,,,,,,,,,,,,,,,,,,,,,,,,,397.0,Band 66,66986.0,132522.0,10.0,-102.59,-15.02,-68.82,,,1.88,16.49,,,2.0,0.0,100.0,0.0,0.0,TM4,,,3.67,,,QPSK,,,3.0,,,,,,0.0,,,,,,3.0,,,,0.0,,,,,,,,,,NonCA,,Band 66,,,,
127,2022-08-12 15:34:46.000000,-94.171638,41.517731,-94.17164,41.51773,15:34:46,90.0,131.0,131.0,36.69,1.0,2.0,,,,,,,,,,,,,,,,,,LTE,,LTE Qualcomm,397.0,Band 66,66986.0,132522.0,10.0,-104.12,-15.35,-69.71,,,0.38,14.83,11.0,9.0,,,,,,TM4,15.0,,,,,,,,,,0.04,0.04,0.0,0.02,,,0.008,0.011,0.008,0.011,,,0.04,0.02,,,0.008,0.011,0.008,0.011,0.004,0.003,0.004,,NonCA,,Band 66,,,,
128,2022-08-12 15:34:46.100000,-94.171593,41.517731,,,,,,,,,,,,,,,,,,,,,,,,,,,,,,397.0,Band 66,66986.0,132522.0,10.0,-104.4,-12.71,-71.68,,,2.1,15.19,12.0,9.0,2.0,0.0,100.0,0.0,0.0,TM4,15.0,,,,23.0,,,256QAM,,1.0,,,,,,,,,,,,1.0,,,,,,,,,,,,,NonCA,NonCA,Band 66,,,,
129,2022-08-12 15:34:46.200000,-94.171555,41.517731,,,,,,,,,,,8.0,7.0,325.0,31.0,10.0,46.0,291.0,29.0,18.0,64.0,142.0,33.0,23.0,70.0,340.0,34.0,,,,397.0,Band 66,66986.0,132522.0,10.0,-105.25,-12.77,-71.46,,,0.88,15.21,,,2.0,0.0,100.0,0.0,0.0,TM4,,,7.33,,,64QAM,,,3.0,,,,,,0.0,0.0,,,,,3.0,,,,0.0,0.0,,,,,0.002,,0.002,,NonCA,,Band 66,,,,
130,2022-08-12 15:34:46.300000,-94.171509,41.517731,,,,,,,,,,,,,,,,,,,,,,,,,,,,,,397.0,Band 66,66986.0,132522.0,10.0,-108.44,-12.74,-73.63,9.67,-1.88,0.13,14.07,10.0,8.5,,,,,,TM4,15.0,,,,,,,,,,,,,,,,,,,,,,,,,,,,,,,,,,NonCA,,Band 66,0.002,0.003,132.0,198.0
131,2022-08-12 15:34:46.400000,-94.171471,41.517731,,,,,,,,,,,,,,,,,,,,,,,,,,,,,,397.0,Band 66,66986.0,132522.0,10.0,-108.52,-12.38,-72.73,,,-0.13,14.08,10.0,9.0,,,,,,TM4,15.0,,,,,,,,,,,,,,,,,,,,,,,,,,,,,,,,,,NonCA,,Band 66,,,,
132,2022-08-12 15:34:46.500000,-94.171425,41.517731,,,,,,,,,,,,,,,,,,,,,,,,,,,,,,397.0,Band 66,66986.0,132522.0,10.0,-107.51,-11.99,-73.68,,,1.13,16.13,,,2.0,0.0,100.0,0.0,0.0,TM4,,,4.0,,,QPSK,,,2.33,,,,,,0.0,,,,,,2.33,,,,0.0,,,,,,0.002,,0.002,,NonCA,,Band 66,,,,
133,2022-08-12 15:34:46.600000,-94.171379,41.517731,,,,,,,,,,,,,,,,,,,,,,,,,,,,,,397.0,Band 66,66986.0,132522.0,10.0,-106.31,-10.88,-74.16,,,-0.88,17.06,11.0,10.0,,,,,,TM4,15.0,,,,,,,,,,,,,,,,,,,,,,,,,,,,,,,,,0.003,NonCA,,Band 66,,,,
134,2022-08-12 15:34:46.700000,-94.171341,41.517731,,,,,,,,,,,,,,,,,,,,,,,,,,,,,,397.0,Band 66,66986.0,132522.0,10.0,-105.59,-10.78,-70.61,,,1.1,17.01,11.5,11.5,2.0,0.0,100.0,0.0,0.0,TM4,15.0,,,,,,,,,,,,,,,0.0,,,,,,,,,,0.0,,,,,0.002,,0.002,,NonCA,,Band 66,,,,
135,2022-08-12 15:34:46.800000,-94.171295,41.517731,,,,,,,,,,,,,,,,,,,,,,,,,,,,,,397.0,Band 66,66986.0,132522.0,10.0,-105.51,-11.32,-69.94,,,2.3,18.25,12.0,10.0,2.0,0.0,100.0,0.0,0.0,TM4,15.0,,7.33,,,64QAM,,,3.0,,,,,,0.0,,,,,,3.0,,,,0.0,,,,,,,,,,NonCA,,Band 66,0.003,0.002,198.0,132.0
136,2022-08-12 15:34:46.900000,-94.171257,41.517731,,,,,,,,,,,,,,,,,,,,,,,,,,,,,,397.0,Band 66,66986.0,132522.0,10.0,-107.08,-11.04,-70.52,,,4.9,16.5,12.0,12.0,,,,,,TM4,15.0,,,,23.0,,,256QAM,,1.45,,,,,,,,,,,,1.45,,,,,,,,,,,,,NonCA,NonCA,Band 66,,,,
137,2022-08-12 15:34:47.000000,-94.171211,41.517731,-94.17121,41.51773,15:34:47,90.0,131.0,131.0,35.84,1.0,2.0,,,,,,,,,,,,,,,,,,LTE,,LTE Qualcomm,397.0,Band 66,66986.0,132522.0,10.0,-108.13,-11.31,-71.64,,,4.88,15.4,12.0,12.0,,,,,,TM4,15.0,4x2,,,,,,,,,0.06,0.06,0.0,0.02,,,0.01,0.016,0.01,0.014,,,0.06,0.02,,,0.01,0.016,0.01,0.014,0.004,,0.004,,NonCA,,Band 66,,,,
138,2022-08-12 15:34:47.100000,-94.171165,41.517731,,,,,,,,,,,,,,,,,,,,,,,,,,,,,,397.0,Band 66,66986.0,132522.0,10.0,-107.81,-11.6,-71.89,,,3.88,16.41,12.0,12.0,2.0,0.0,100.0,0.0,0.0,TM4,15.0,,5.5,,,QPSK,,,4.5,,,,,,0.0,16.67,,,,,4.5,,,,0.0,16.67,,,,,,,,,NonCA,,Band 66,,,,
139,2022-08-12 15:34:47.200000,-94.17112,41.517731,,,,,,,,,,,8.0,7.0,325.0,29.0,10.0,46.0,291.0,27.0,18.0,64.0,142.0,33.0,23.0,70.0,340.0,34.0,,,,397.0,Band 66,66986.0,132522.0,10.0,-108.22,-11.61,-72.98,,,2.9,15.7,11.0,13.0,,,,,,TM4,15.0,,,,,,,,,,,,,,,,,,,,,,,,,,,,,,0.002,,0.002,,NonCA,,Band 66,,,,
140,2022-08-12 15:34:47.300000,-94.171082,41.517731,,,,,,,,,,,,,,,,,,,,,,,,,,,,,,397.0,Band 66,66986.0,132522.0,10.0,-106.0,-10.48,-72.84,,,5.9,16.68,12.0,12.0,2.0,0.0,100.0,0.0,0.0,TM4,15.0,,,,,,,,,,,,,,,,,,,,,,,,,,,,,,,,,,NonCA,,Band 66,0.002,0.003,132.0,198.0
141,2022-08-12 15:34:47.400000,-94.171036,41.517731,,,,,,,,,,,,,,,,,,,,,,,,,,,,,,397.0,Band 66,66986.0,132522.0,10.0,-105.53,-11.19,-71.89,,,2.13,17.49,12.0,12.0,,,,,,TM4,15.0,,10.33,,23.4,256QAM,,256QAM,3.0,1.4,,,,,0.0,,,,,,3.0,1.4,,,0.0,,,,,,,0.003,,,NonCA,NonCA,Band 66,,,,
142,2022-08-12 15:34:47.500000,-94.17099,41.517731,,,,,,,,,,,,,,,,,,,,,,,,,,,,,,397.0,Band 66,66986.0,132522.0,10.0,-106.82,-11.29,-73.79,10.25,,0.9,17.1,10.0,12.0,2.0,0.0,100.0,0.0,0.0,TM4,15.0,,,,,,,,,,,,,,,0.0,,,,,,,,,,0.0,,,,,0.002,,0.002,,NonCA,,Band 66,,,,
143,2022-08-12 15:34:47.600000,-94.170944,41.517731,,,,,,,,,,,,,,,,,,,,,,,,,,,,,,397.0,Band 66,66986.0,132522.0,10.0,-107.83,-11.14,-74.77,,-0.88,4.13,15.25,11.0,13.0,,,,,,TM4,15.0,,,,,,,,,,,,,,,,,,,,,,,,,,,,,,,,,0.003,NonCA,,Band 66,,,,
144,2022-08-12 15:34:47.700000,-94.170898,41.517731,,,,,,,,,,,,,,,,,,,,,,,,,,,,,,397.0,Band 66,66986.0,132522.0,10.0,-109.3,-13.38,-72.03,,,5.63,12.32,10.0,10.0,,,,,,TM4,15.0,,3.67,,,QPSK,,,3.0,,,,,,0.0,,,,,,3.0,,,,0.0,,,,,,0.002,,0.002,,NonCA,,Band 66,,,,
145,2022-08-12 15:34:47.800000,-94.17086,41.517731,,,,,,,,,,,,,,,,,,,,,,,,,,,,,,397.0,Band 66,66986.0,132522.0,10.0,-108.54,-14.28,-68.74,,,5.38,11.69,,,2.0,0.0,100.0,0.0,0.0,TM4,,,,,,,,,,,,,,,,,,,,,,,,,,,,,,,,,,,NonCA,,Band 66,0.003,0.002,198.0,132.0
146,2022-08-12 15:34:47.900000,-94.170815,41.517731,,,,,,,,,,,,,,,,,,,,,,,,,,,,,,397.0,Band 66,66986.0,132522.0,10.0,-105.06,-13.29,-70.14,,,7.9,11.69,12.0,7.0,2.0,0.0,100.0,0.0,0.0,TM4,0.0,,,,,,,,,,,,,,,0.0,,,,,,,,,,0.0,,,,,,,,,NonCA,,Band 66,,,,
147,2022-08-12 15:34:48.000000,-94.170769,41.517731,-94.17077,41.51773,15:34:48,90.0,131.0,131.0,36.67,1.0,2.0,,,,,,,,,,,,,,,,,,LTE,,LTE Qualcomm,397.0,Band 66,66986.0,132522.0,10.0,-106.9,-12.62,-68.96,,,4.1,12.84,10.0,9.0,,,,,,TM4,15.0,,10.33,,,256QAM,,,3.0,,0.05,0.05,0.0,0.02,0.0,,0.01,0.014,0.01,0.011,3.0,,0.05,0.02,0.0,,0.01,0.014,0.01,0.011,0.004,,0.004,,NonCA,,Band 66,,,,
148,2022-08-12 15:34:48.100000,-94.170723,41.517731,,,,,,,,,,,,,,,,,,,,,,,,,,,,,,397.0,Band 66,66986.0,132522.0,10.0,-107.22,-11.22,-69.81,,,4.63,14.08,,,2.0,0.0,100.0,0.0,0.0,TM4,,,,,,,,,,,,,,,,,,,,,,,,,,,,,,,,,,,NonCA,,Band 66,,,,
149,2022-08-12 15:34:48.200000,-94.170677,41.517727,,,,,,,,,,,8.0,7.0,325.0,28.0,10.0,46.0,291.0,27.0,18.0,64.0,142.0,32.0,23.0,70.0,340.0,32.0,,,,397.0,Band 66,66986.0,132522.0,10.0,-105.97,-9.38,-71.22,,,3.88,14.58,11.0,9.0,,,,,,TM4,15.0,,,,,,,,,,,,,,,,,,,,,,,,,,,,,,,,0.002,,NonCA,,Band 66,,,,
150,2022-08-12 15:34:48.300000,-94.170639,41.517727,,,,,,,,,,,,,,,,,,,,,,,,,,,,,,397.0,Band 66,66986.0,132522.0,10.0,-106.17,-12.46,-68.79,,,4.88,14.07,11.0,9.0,,,,,,TM4,15.0,,4.0,,23.0,QPSK,,256QAM,2.33,1.09,,,,,0.0,,,,,,2.33,1.09,,,0.0,,,,,,0.002,,,,NonCA,NonCA,Band 66,0.002,0.002,132.0,132.0
151,2022-08-12 15:34:48.400000,-94.170593,41.517727,,,,,,,,,,,,,,,,,,,,,,,,,,,,,,397.0,Band 66,66986.0,132522.0,10.0,-107.17,-12.41,-72.39,,,4.3,14.15,10.0,8.0,1.0,100.0,0.0,0.0,0.0,TM4,15.0,,,,,,,,,,,,,,,0.0,,,,,,,,,,0.0,,,,,,,,,NonCA,,Band 66,,,,
152,2022-08-12 15:34:48.500000,-94.170547,41.517723,,,,,,,,,,,,,,,,,,,,,,,,,,,,,,397.0,Band 66,66986.0,132522.0,10.0,-105.55,-11.56,-70.89,,,8.8,15.84,12.5,4.0,2.0,0.0,100.0,0.0,0.0,TM4,15.0,,,,,,,,,,,,,,,,,,,,,,,,,,,,,,0.002,,0.002,,NonCA,,Band 66,,,,
153,2022-08-12 15:34:48.600000,-94.170502,41.517723,,,,,,,,,,,,,,,,,,,,,,,,,,,,,,397.0,Band 66,66986.0,132522.0,10.0,-103.41,-10.45,-68.58,,,2.63,18.4,15.0,0.0,,,,,,TM4,15.0,,7.33,,,64QAM,,,3.0,,,,,,0.0,,,,,,3.0,,,,0.0,,,,,,,,,0.003,NonCA,,Band 66,,,,
154,2022-08-12 15:34:48.700000,-94.170456,41.517723,,,,,,,,,,,,,,,,,,,,,,,,,,,,,,397.0,Band 66,66986.0,132522.0,10.0,-103.38,-8.99,-71.27,,,2.5,17.73,15.0,0.0,,,,,,TM4,15.0,,,,23.0,,,256QAM,,1.25,,,,,,,,,,,,1.25,,,,,,,,,,,0.002,,NonCA,NonCA,Band 66,,,,
155,2022-08-12 15:34:48.800000,-94.170418,41.517723,,,,,,,,,,,,,,,,,,,,,,,,,,,,,,397.0,Band 66,66986.0,132522.0,10.0,-102.94,-10.07,-68.95,,,2.33,18.72,13.0,11.0,2.0,0.0,100.0,0.0,0.0,TM4,15.0,,,,,,,,,,,,,,,28.57,,,,,,,,,,28.57,,,,,0.002,,,,NonCA,,Band 66,0.003,0.003,198.0,198.0
156,2022-08-12 15:34:48.900000,-94.170372,41.517719,,,,,,,,,,,,,,,,,,,,,,,,,,,,,,397.0,Band 66,66986.0,132522.0,10.0,-99.18,-10.86,-66.42,11.82,,2.38,19.93,13.0,12.0,,,,,,TM4,15.0,,3.0,,,16QAM,,,3.0,,,,,,0.0,,,,,,3.0,,,,0.0,,,,,,,0.003,,,NonCA,,Band 66,,,,
157,2022-08-12 15:34:49.000000,-94.170326,41.517719,-94.17033,41.51772,15:34:49,90.0,131.0,131.0,36.69,1.0,2.0,,,,,,,,,,,,,,,,,,LTE,,LTE Qualcomm,397.0,Band 66,66986.0,132522.0,10.0,-99.02,-11.41,-65.6,,1.1,2.38,20.98,14.0,13.0,,,,,,TM4,15.0,4x2,,,,,,,,,0.06,0.06,0.0,0.02,,,0.018,0.021,0.018,0.018,,,0.06,0.02,,,0.018,0.021,0.018,0.018,0.004,,0.004,,NonCA,,Band 66,,,,
158,2022-08-12 15:34:49.100000,-94.17028,41.517719,,,,,,,,,,,,,,,,,,,,,,,,,,,,,,397.0,Band 66,66986.0,132522.0,10.0,-98.6,-10.88,-64.85,,,6.0,22.36,15.0,14.0,2.0,0.0,100.0,0.0,0.0,TM4,15.0,,,,,,,,,,,,,,,,,,,,,,,,,,,,,,,,,,NonCA,,Band 66,,,,
159,2022-08-12 15:34:49.200000,-94.170242,41.517719,,,,,,,,,,,8.0,7.0,325.0,24.0,10.0,46.0,291.0,26.0,18.0,64.0,142.0,31.0,23.0,70.0,340.0,33.0,,,,397.0,Band 66,66986.0,132522.0,10.0,-97.9,-11.03,-64.79,,,4.1,22.6,15.0,14.0,,,,,,TM4,15.0,,10.25,,,256QAM,,,3.0,,,,,,0.0,0.0,,,,,3.0,,,,0.0,0.0,,,,,0.002,,0.002,,NonCA,,Band 66,,,,
160,2022-08-12 15:34:49.300000,-94.170197,41.517719,,,,,,,,,,,,,,,,,,,,,,,,,,,,,,397.0,Band 66,66986.0,132522.0,10.0,-97.95,-11.15,-64.45,,,6.1,22.9,15.0,14.0,,,,,,TM4,15.0,,,,,,,,,,,,,,,,,,,,,,,,,,,,,,,,,,NonCA,,Band 66,0.002,0.002,132.0,132.0
161,2022-08-12 15:34:49.400000,-94.170158,41.517719,,,,,,,,,,,,,,,,,,,,,,,,,,,,,,397.0,Band 66,66986.0,132522.0,10.0,-97.02,-9.85,-64.0,,,5.63,23.64,,,2.0,0.0,100.0,0.0,0.0,TM4,,,,,,,,,,,,,,,,,,,,,,,,,,,,,,,,,,,NonCA,,Band 66,,,,
162,2022-08-12 15:34:49.500000,-94.170113,41.517719,,,,,,,,,,,,,,,,,,,,,,,,,,,,,,397.0,Band 66,66986.0,132522.0,10.0,-95.79,-11.27,-62.43,,,5.63,23.84,14.5,15.0,,,,,,TM4,15.0,,10.0,,,256QAM,,,3.0,,,,,,0.0,,,,,,3.0,,,,0.0,,,,,,0.002,,0.002,,NonCA,,Band 66,,,,
163,2022-08-12 15:34:49.600000,-94.170067,41.517719,,,,,,,,,,,,,,,,,,,,,,,,,,,,,,397.0,Band 66,66986.0,132522.0,10.0,-96.09,-10.5,-61.77,,,9.08,23.91,15.0,15.0,,,,,,TM4,15.0,,,,23.0,,,256QAM,,1.82,,,,,,33.33,,,,,,1.82,,,,33.33,,,,,,,,0.003,NonCA,NonCA,Band 66,,,,
164,2022-08-12 15:34:49.700000,-94.170029,41.517719,,,,,,,,,,,,,,,,,,,,,,,,,,,,,,397.0,Band 66,66986.0,132522.0,10.0,-96.94,-12.55,-61.52,,,11.0,24.4,15.0,15.0,2.0,0.0,100.0,0.0,0.0,TM4,15.0,,,,,,,,,,,,,,,,,,,,,,,,,,,,,,0.002,,0.002,,NonCA,,Band 66,,,,
165,2022-08-12 15:34:49.800000,-94.169983,41.517719,,,,,,,,,,,,,,,,,,,,,,,,,,,,,,397.0,Band 66,66986.0,132522.0,10.0,-96.19,-10.17,-63.18,,,9.1,24.92,15.0,15.0,,,,,,TM4,15.0,,10.0,,,256QAM,,,3.0,,,,,,0.0,,,,,,3.0,,,,0.0,,,,,,,,,,NonCA,,Band 66,0.003,0.003,198.0,198.0
166,2022-08-12 15:34:49.900000,-94.169945,41.517719,,,,,,,,,,,,,,,,,,,,,,,,,,,,,,397.0,Band 66,66986.0,132522.0,10.0,-96.34,-10.13,-62.52,,,7.63,24.68,15.0,15.0,,,,,,TM4,15.0,,,,,,,,,,,,,,,,,,,,,,,,,,,,,,,,,,NonCA,,Band 66,,,,
167,2022-08-12 15:34:50.000000,-94.169899,41.517719,-94.1699,41.51772,15:34:50,90.0,131.0,131.0,35.84,1.0,2.0,,,,,,,,,,,,,,,,,,LTE,,LTE Qualcomm,397.0,Band 66,66986.0,132522.0,10.0,-96.05,-9.95,-61.64,,,8.5,24.75,15.0,15.0,2.0,0.0,100.0,0.0,0.0,TM4,15.0,,,,21.25,,,256QAM,,2.0,0.07,0.07,0.0,0.03,,16.67,0.022,0.023,0.022,0.019,,2.0,0.07,0.03,,16.67,0.022,0.023,0.022,0.019,0.004,,0.004,,NonCA,NonCA,Band 66,,,,
168,2022-08-12 15:34:50.100000,-94.169853,41.517719,,,,,,,,,,,,,,,,,,,,,,,,,,,,,,397.0,Band 66,66986.0,132522.0,10.0,-96.7,-12.17,-60.84,,,9.63,23.6,15.0,14.0,,,,,,TM4,15.0,,10.0,,,256QAM,,,3.0,,,,,,0.0,,,,,,3.0,,,,0.0,,,,,,,,,,NonCA,,Band 66,,,,
169,2022-08-12 15:34:50.200000,-94.169807,41.517719,,,,,,,,,,,8.0,7.0,325.0,28.0,10.0,46.0,291.0,29.0,18.0,64.0,142.0,33.0,23.0,70.0,340.0,34.0,,,,397.0,Band 66,66986.0,132522.0,10.0,-97.33,-12.31,-61.19,16.72,,9.63,22.56,15.0,14.0,,,,,,TM4,15.0,,,,,,,,,,,,,,,,,,,,,,,,,,,,,,,,0.002,,NonCA,,Band 66,,,,
170,2022-08-12 15:34:50.300000,-94.169762,41.517719,,,,,,,,,,,,,,,,,,,,,,,,,,,,,,397.0,Band 66,66986.0,132522.0,10.0,-96.97,-10.99,-62.05,,2.52,13.75,22.09,14.0,13.0,2.0,0.0,100.0,0.0,0.0,TM4,15.0,,,,,,,,,,,,,,,,,,,,,,,,,,,,,,0.002,0.003,,,NonCA,,Band 66,0.002,0.002,132.0,132.0
171,2022-08-12 15:34:50.400000,-94.169716,41.517719,,,,,,,,,,,,,,,,,,,,,,,,,,,,,,397.0,Band 66,66986.0,132522.0,10.0,-98.28,-13.36,-61.05,,,13.58,21.68,15.0,13.0,2.0,0.0,100.0,0.0,0.0,TM4,15.0,,10.0,,,256QAM,,,3.0,,,,,,0.0,28.57,,,,,3.0,,,,0.0,28.57,,,,,,,,,NonCA,,Band 66,,,,
172,2022-08-12 15:34:50.500000,-94.169678,41.517719,,,,,,,,,,,,,,,,,,,,,,,,,,,,,,397.0,Band 66,66986.0,132522.0,10.0,-98.43,-14.64,-60.16,,,14.63,22.14,15.0,14.0,,,,,,TM4,15.0,,,,,,,,,,,,,,,,,,,,,,,,,,,,,,0.002,,0.002,,NonCA,,Band 66,,,,
173,2022-08-12 15:34:50.600000,-94.169632,41.517719,,,,,,,,,,,,,,,,,,,,,,,,,,,,,,397.0,Band 66,66986.0,132522.0,10.0,-96.94,-12.99,-60.3,,,15.38,23.43,15.0,14.0,,,,,,TM4,15.0,,,,,,,,,,,,,,,,,,,,,,,,,,,,,,,,,0.003,NonCA,,Band 66,,,,
174,2022-08-12 15:34:50.700000,-94.169586,41.517719,,,,,,,,,,,,,,,,,,,,,,,,,,,,,,397.0,Band 66,66986.0,132522.0,10.0,-95.22,-11.96,-60.42,,,13.63,23.92,,,2.0,0.0,100.0,0.0,0.0,TM4,,,10.0,,,256QAM,,,3.0,,,,,,0.0,,,,,,3.0,,,,0.0,,,,,,0.002,,0.002,,NonCA,,Band 66,,,,
175,2022-08-12 15:34:50.800000,-94.16954,41.517719,,,,,,,,,,,,,,,,,,,,,,,,,,,,,,397.0,Band 66,66986.0,132522.0,10.0,-95.21,-11.8,-60.94,,,11.3,24.34,15.0,15.0,,,,,,TM4,15.0,,,,,,,,,,,,,,,,,,,,,,,,,,,,,,,,,,NonCA,,Band 66,0.003,0.003,198.0,198.0
176,2022-08-12 15:34:50.900000,-94.169495,41.517719,,,,,,,,,,,,,,,,,,,,,,,,,,,,,,397.0,Band 66,66986.0,132522.0,10.0,-95.33,-10.88,-61.63,,,12.7,24.35,15.0,15.0,2.0,0.0,100.0,0.0,0.0,TM4,15.0,,,,20.36,,,256QAM,,2.0,,,,,,0.0,,,,,,2.0,,,,0.0,,,,,,,,,NonCA,NonCA,Band 66,,,,
177,2022-08-12 15:34:51.000000,-94.169449,41.517719,-94.16945,41.51772,15:34:51,90.0,131.0,131.0,37.51,1.0,2.0,,,,,,,,,,,,,,,,,,LTE,,LTE Qualcomm,397.0,Band 66,66986.0,132522.0,10.0,-95.71,-11.05,-61.9,,,9.63,24.39,,,2.0,0.0,100.0,0.0,0.0,TM4,,4x2,8.4,,,QPSK,,,4.2,,0.09,0.09,0.01,0.03,0.0,,0.037,0.019,0.019,0.016,4.2,,0.09,0.03,0.0,,0.037,0.019,0.019,0.016,0.004,,0.004,,NonCA,,Band 66,,,,
178,2022-08-12 15:34:51.100000,-94.169403,41.517719,,,,,,,,,,,,,,,,,,,,,,,,,,,,,,397.0,Band 66,66986.0,132522.0,10.0,-95.74,-11.44,-62.13,,,10.88,23.76,15.0,15.0,,,,,,TM4,15.0,,,,,,,,,,,,,,,,,,,,,,,,,,,,,,,,,,NonCA,,Band 66,,,,
179,2022-08-12 15:34:51.200000,-94.169357,41.517719,,,,,,,,,,,8.0,7.0,325.0,28.0,10.0,46.0,291.0,29.0,18.0,64.0,142.0,33.0,23.0,70.0,340.0,34.0,,,,397.0,Band 66,66986.0,132522.0,10.0,-94.33,-11.3,-60.85,,,11.88,24.29,15.0,15.0,,,,,,TM4,15.0,,,,,,,,,,,,,,,,,,,,,,,,,,,,,,,,0.002,,NonCA,,Band 66,,,,
180,2022-08-12 15:34:51.300000,-94.169319,41.517719,,,,,,,,,,,,,,,,,,,,,,,,,,,,,,397.0,Band 66,66986.0,132522.0,10.0,-94.04,-10.59,-60.66,,,7.0,25.11,,,2.0,0.0,100.0,0.0,0.0,TM4,,,10.5,,21.75,256QAM,,256QAM,2.5,1.75,,,,,0.0,0.0,,,,,2.5,1.75,,,0.0,0.0,,,,,0.002,,,,NonCA,NonCA,Band 66,0.002,0.002,132.0,132.0
181,2022-08-12 15:34:51.400000,-94.169273,41.517719,,,,,,,,,,,,,,,,,,,,,,,,,,,,,,397.0,Band 66,66986.0,132522.0,10.0,-93.31,-9.88,-60.66,,,10.0,25.49,15.0,15.0,,,,,,TM4,15.0,,,,,,,,,,,,,,,,,,,,,,,,,,,,,,,,,,NonCA,,Band 66,,,,
182,2022-08-12 15:34:51.500000,-94.169228,41.517719,,,,,,,,,,,,,,,,,,,,,,,,,,,,,,397.0,Band 66,66986.0,132522.0,10.0,-93.27,-10.02,-61.0,18.65,,10.9,25.59,15.0,15.0,2.0,0.0,100.0,0.0,0.0,TM4,15.0,,,,,,,,,,,,,,,,,,,,,,,,,,,,,,0.002,,0.002,,NonCA,,Band 66,,,,
183,2022-08-12 15:34:51.600000,-94.169182,41.517719,,,,,,,,,,,,,,,,,,,,,,,,,,,,,,397.0,Band 66,66986.0,132522.0,10.0,-93.56,-10.27,-61.19,,8.66,11.1,25.51,,,2.0,0.0,100.0,0.0,0.0,TM4,,,12.6,16.0,,256QAM,64QAM,,4.2,,,,,,33.33,,,,,,4.2,,,,33.33,,,,,,,,,0.003,NonCA,,Band 66,,,,
184,2022-08-12 15:34:51.700000,-94.169136,41.517719,,,,,,,,,,,,,,,,,,,,,,,,,,,,,,397.0,Band 66,66986.0,132522.0,10.0,-93.57,-10.26,-62.28,,,9.5,25.61,15.0,15.0,,,,,,TM4,15.0,,,,,,,,,,,,,,,,,,,,,,,,,,,,,,0.002,,0.002,,NonCA,,Band 66,,,,
185,2022-08-12 15:34:51.800000,-94.169098,41.517719,,,,,,,,,,,,,,,,,,,,,,,,,,,,,,397.0,Band 66,66986.0,132522.0,10.0,-92.6,-10.71,-61.09,,,10.13,26.0,15.0,15.0,,,,,,TM4,15.0,,,,,,,,,,,,,,,16.67,,,,,,,,,,16.67,,,,,,0.003,,,NonCA,,Band 66,0.003,0.003,198.0,198.0
186,2022-08-12 15:34:51.900000,-94.169052,41.517719,,,,,,,,,,,,,,,,,,,,,,,,,,,,,,397.0,Band 66,66986.0,132522.0,10.0,-92.31,-10.98,-60.16,,,9.7,26.0,15.0,15.0,2.0,0.0,100.0,0.0,0.0,TM4,15.0,,10.0,,,256QAM,,,3.0,,,,,,0.0,,,,,,3.0,,,,0.0,,,,,,,,,,NonCA,,Band 66,,,,
187,2022-08-12 15:34:52.000000,-94.169006,41.517719,-94.16901,41.51772,15:34:52,90.0,132.0,132.0,36.67,1.0,2.0,,,,,,,,,,,,,,,,,,LTE,,LTE Qualcomm,397.0,Band 66,66986.0,132522.0,10.0,-92.19,-11.42,-59.41,,,10.88,25.77,15.0,15.0,,,,,,TM4,15.0,,,,,,,,,,0.05,0.05,0.0,0.03,,,0.016,0.022,0.016,0.019,,,0.05,0.03,,,0.016,0.022,0.016,0.019,0.004,,0.002,,NonCA,,Band 66,,,,
188,2022-08-12 15:34:52.100000,-94.168961,41.517719,,,,,,,,,,,,,,,,,,,,,,,,,,,,,,397.0,Band 66,66986.0,132522.0,10.0,-91.76,-11.63,-59.14,,,10.9,25.36,15.0,15.0,2.0,0.0,100.0,0.0,0.0,TM4,15.0,,,,22.27,,,256QAM,,1.91,,,,,,,,,,,,1.91,,,,,,,,,,,,,NonCA,NonCA,Band 66,,,,
189,2022-08-12 15:34:52.200000,-94.168922,41.517719,,,,,,,,,,,8.0,7.0,325.0,27.0,10.0,46.0,291.0,29.0,18.0,64.0,142.0,33.0,23.0,70.0,340.0,35.0,,,,397.0,Band 66,66986.0,132522.0,10.0,-92.51,-11.15,-60.62,,,8.13,25.69,15.0,15.0,,,,,,TM4,15.0,,10.0,,,256QAM,,,2.75,,,,,,0.0,0.0,,,,,2.75,,,,0.0,0.0,,,,,0.002,,0.004,,NonCA,,Band 66,,,,
190,2022-08-12 15:34:52.300000,-94.168877,41.517719,,,,,,,,,,,,,,,,,,,,,,,,,,,,,,397.0,Band 66,66986.0,132522.0,10.0,-92.64,-8.72,-63.21,,,4.0,26.17,,,2.0,0.0,100.0,0.0,0.0,TM4,,,,,,,,,,,,,,,,,,,,,,,,,,,,,,,,,,,NonCA,,Band 66,0.002,0.002,132.0,132.0
191,2022-08-12 15:34:52.400000,-94.168831,41.517719,,,,,,,,,,,,,,,,,,,,,,,,,,,,,,397.0,Band 66,66986.0,132522.0,10.0,-92.41,-8.38,-62.72,,,10.0,26.74,15.0,15.0,,,,,,TM4,15.0,,,,,,,,,,,,,,,,,,,,,,,,,,,,,,,,,,NonCA,,Band 66,,,,
192,2022-08-12 15:34:52.500000,-94.168793,41.517719,,,,,,,,,,,,,,,,,,,,,,,,,,,,,,397.0,Band 66,66986.0,132522.0,10.0,-92.34,-7.58,-63.23,,,9.9,26.52,15.0,15.0,,,,,,TM4,15.0,,10.0,,,256QAM,,,3.0,,,,,,0.0,,,,,,3.0,,,,0.0,,,,,,0.002,,0.002,,NonCA,,Band 66,,,,
193,2022-08-12 15:34:52.600000,-94.168747,41.517719,,,,,,,,,,,,,,,,,,,,,,,,,,,,,,397.0,Band 66,66986.0,132522.0,10.0,-93.01,-8.91,-62.56,,,12.9,26.13,,,2.0,0.0,100.0,0.0,0.0,TM4,,,,,24.75,,,256QAM,,2.0,,,,,,,,,,,,2.0,,,,,,,,,,,,0.003,NonCA,NonCA,Band 66,,,,
194,2022-08-12 15:34:52.700000,-94.168701,41.517719,,,,,,,,,,,,,,,,,,,,,,,,,,,,,,397.0,Band 66,66986.0,132522.0,10.0,-94.56,-9.22,-62.59,,,9.0,25.45,15.0,15.0,2.0,0.0,100.0,0.0,0.0,TM4,15.0,,,,,,,,,,,,,,,16.67,,,,,,,,,,16.67,,,,,0.002,,0.002,,NonCA,,Band 66,,,,
195,2022-08-12 15:34:52.800000,-94.168655,41.517719,,,,,,,,,,,,,,,,,,,,,,,,,,,,,,397.0,Band 66,66986.0,132522.0,10.0,-94.76,-9.49,-62.31,17.89,,16.0,25.91,15.0,15.0,,,,,,TM4,15.0,,10.25,,,256QAM,,,2.75,,,,,,0.0,,,,,,2.75,,,,0.0,,,,,,,,,,NonCA,,Band 66,0.003,0.003,198.0,198.0
196,2022-08-12 15:34:52.900000,-94.168617,41.517719,,,,,,,,,,,,,,,,,,,,,,,,,,,,,,397.0,Band 66,66986.0,132522.0,10.0,-94.79,-9.52,-62.0,,7.62,15.1,25.89,,,2.0,0.0,100.0,0.0,0.0,TM4,,,,,,,,,,,,,,,,,,,,,,,,,,,,,,,,,,,NonCA,,Band 66,,,,
197,2022-08-12 15:34:53.000000,-94.168571,41.517719,-94.16857,41.51772,15:34:53,90.0,132.0,132.0,36.67,1.0,2.0,,,,,,,,,,,,,,,,,,LTE,,LTE Qualcomm,397.0,Band 66,66986.0,132522.0,10.0,-94.6,-10.2,-61.64,,,14.13,25.9,15.0,15.0,,,,,,TM4,15.0,4x2,,,,,,,,,0.07,0.07,0.0,0.03,,,0.023,0.021,0.023,0.017,,,0.07,0.03,,,0.023,0.021,0.023,0.017,0.002,,0.002,,NonCA,,Band 66,,,,
198,2022-08-12 15:34:53.100000,-94.168526,41.517719,,,,,,,,,,,,,,,,,,,,,,,,,,,,,,397.0,Band 66,66986.0,132522.0,10.0,-94.73,-10.47,-61.96,,,15.1,25.73,15.0,15.0,,,,,,TM4,15.0,,10.0,,,256QAM,,,3.0,,,,,,0.0,16.67,,,,,3.0,,,,0.0,16.67,,,,,,,,,NonCA,,Band 66,,,,
199,2022-08-12 15:34:53.200000,-94.168488,41.517719,,,,,,,,,,,8.0,7.0,325.0,27.0,10.0,46.0,291.0,28.0,18.0,64.0,142.0,32.0,23.0,70.0,340.0,35.0,,,,397.0,Band 66,66986.0,132522.0,10.0,-94.45,-9.67,-62.31,,,16.38,26.13,,,2.0,0.0,100.0,0.0,0.0,TM4,,,,,,,,,,,,,,,,,,,,,,,,,,,,,,,,0.003,0.004,,NonCA,,Band 66,,,,
200,2022-08-12 15:34:53.300000,-94.168442,41.517719,,,,,,,,,,,,,,,,,,,,,,,,,,,,,,397.0,Band 66,66986.0,132522.0,10.0,-93.19,-8.84,-60.88,,,15.8,26.01,15.0,15.0,2.0,0.0,100.0,0.0,0.0,TM4,15.0,,,,,,,,,,,,,,,,,,,,,,,,,,,,,,0.004,,,,NonCA,,Band 66,0.002,0.002,132.0,132.0
201,2022-08-12 15:34:53.400000,-94.168396,41.517719,,,,,,,,,,,,,,,,,,,,,,,,,,,,,,397.0,Band 66,66986.0,132522.0,10.0,-94.96,-10.75,-60.81,,,13.88,25.69,15.0,15.0,,,,,,TM4,15.0,,10.25,,19.82,256QAM,,64QAM,3.0,2.08,,,,,0.0,,,,,,3.0,2.08,,,0.0,,,,,,,,,,NonCA,NonCA,Band 66,,,,
202,2022-08-12 15:34:53.500000,-94.16835,41.517719,,,,,,,,,,,,,,,,,,,,,,,,,,,,,,397.0,Band 66,66986.0,132522.0,10.0,-94.69,-10.95,-61.76,,,15.0,26.02,15.0,15.0,,,,,,TM4,15.0,,,,,,,,,,,,,,,14.29,,,,,,,,,,14.29,,,,,0.002,,0.002,,NonCA,,Band 66,,,,
203,2022-08-12 15:34:53.600000,-94.168312,41.517719,,,,,,,,,,,,,,,,,,,,,,,,,,,,,,397.0,Band 66,66986.0,132522.0,10.0,-93.87,-11.59,-59.9,,,14.0,25.47,15.0,15.0,2.0,0.0,100.0,0.0,0.0,TM4,15.0,,,,,,,,,,,,,,,,,,,,,,,,,,,,,,,,,0.003,NonCA,,Band 66,,,,
204,2022-08-12 15:34:53.700000,-94.168266,41.517719,,,,,,,,,,,,,,,,,,,,,,,,,,,,,,397.0,Band 66,66986.0,132522.0,10.0,-94.18,-10.41,-59.99,,,12.88,26.11,15.0,15.0,,,,,,TM4,15.0,,10.0,,,256QAM,,,3.0,,,,,,0.0,,,,,,3.0,,,,0.0,,,,,,0.002,,0.002,,NonCA,,Band 66,,,,
205,2022-08-12 15:34:53.800000,-94.168221,41.517719,,,,,,,,,,,,,,,,,,,,,,,,,,,,,,397.0,Band 66,66986.0,132522.0,10.0,-93.6,-8.86,-60.04,,,12.38,26.77,15.0,15.0,,,,,,TM4,15.0,,,,,,,,,,,,,,,,,,,,,,,,,,,,,,,,,,NonCA,,Band 66,0.003,0.003,198.0,198.0
206,2022-08-12 15:34:53.900000,-94.168182,41.517719,,,,,,,,,,,,,,,,,,,,,,,,,,,,,,397.0,Band 66,66986.0,132522.0,10.0,-92.79,-10.26,-59.1,,,13.3,27.01,15.0,15.0,2.0,0.0,100.0,0.0,0.0,TM4,15.0,,,,22.25,,,256QAM,,1.8,,,,,,16.67,,,,,,1.8,,,,16.67,,,,,,,,,NonCA,NonCA,Band 66,,,,
207,2022-08-12 15:34:54.000000,-94.168137,41.517719,-94.16814,41.51772,15:34:54,90.0,132.0,132.0,35.84,1.0,2.0,,,,,,,,,,,,,,,,,,LTE,,LTE Qualcomm,397.0,Band 66,66986.0,132522.0,10.0,-93.13,-7.89,-61.88,,,11.38,26.85,15.0,15.0,,,,,,TM4,15.0,,10.0,,,256QAM,,,3.0,,0.06,0.06,0.0,0.03,0.0,,0.02,0.017,0.02,0.015,3.0,,0.06,0.03,0.0,,0.02,0.017,0.02,0.015,0.004,,0.002,,NonCA,,Band 66,,,,
208,2022-08-12 15:34:54.100000,-94.168091,41.517719,,,,,,,,,,,,,,,,,,,,,,,,,,,,,,397.0,Band 66,66986.0,132522.0,10.0,-93.43,-7.23,-62.88,19.33,,11.5,27.02,15.0,15.0,,,,,,TM4,15.0,,,,,,,,,,,,,,,,,,,,,,,,,,,,,,,,,,NonCA,,Band 66,,,,
209,2022-08-12 15:34:54.200000,-94.168053,41.517719,,,,,,,,,,,8.0,7.0,325.0,28.0,10.0,46.0,291.0,29.0,18.0,64.0,142.0,33.0,23.0,70.0,340.0,35.0,,,,397.0,Band 66,66986.0,132522.0,10.0,-92.91,-8.89,-60.88,,11.12,10.13,26.96,,,2.0,0.0,100.0,0.0,0.0,TM4,,,,,,,,,,,,,,,,,,,,,,,,,,,,,,,0.002,,0.004,,NonCA,,Band 66,,,,
210,2022-08-12 15:34:54.300000,-94.168007,41.517719,,,,,,,,,,,,,,,,,,,,,,,,,,,,,,397.0,Band 66,66986.0,132522.0,10.0,-92.35,-9.83,-60.25,,,6.0,27.34,15.0,15.0,,,,,,TM4,15.0,,10.5,,,256QAM,,,2.5,,,,,,0.0,,,,,,2.5,,,,0.0,,,,,,,,,,NonCA,,Band 66,0.002,0.002,132.0,132.0
211,2022-08-12 15:34:54.400000,-94.167961,41.517719,,,,,,,,,,,,,,,,,,,,,,,,,,,,,,397.0,Band 66,66986.0,132522.0,10.0,-92.52,-8.01,-62.25,,,12.13,27.05,15.0,15.0,,,,,,TM4,15.0,,,,,,,,,,,,,,,20.0,,,,,,,,,,20.0,,,,,,,,,NonCA,,Band 66,,,,
212,2022-08-12 15:34:54.500000,-94.167923,41.517719,,,,,,,,,,,,,,,,,,,,,,,,,,,,,,397.0,Band 66,66986.0,132522.0,10.0,-92.69,-7.54,-63.23,,,12.1,27.31,15.0,15.0,2.0,0.0,100.0,0.0,0.0,TM4,15.0,,,,,,,,,,,,,,,,,,,,,,,,,,,,,,0.002,,0.002,,NonCA,,Band 66,,,,
213,2022-08-12 15:34:54.600000,-94.167877,41.517719,,,,,,,,,,,,,,,,,,,,,,,,,,,,,,397.0,Band 66,66986.0,132522.0,10.0,-92.69,-8.15,-62.33,,,8.88,26.87,15.0,15.0,,,,,,TM4,15.0,,10.0,,,256QAM,,,3.0,,,,,,0.0,,,,,,3.0,,,,0.0,,,,,,,0.003,,0.003,NonCA,,Band 66,,,,
214,2022-08-12 15:34:54.700000,-94.167831,41.517719,,,,,,,,,,,,,,,,,,,,,,,,,,,,,,397.0,Band 66,66986.0,132522.0,10.0,-93.57,-6.68,-64.89,,,8.1,27.1,15.0,15.0,,,,,,TM4,15.0,,,,21.45,,,256QAM,,1.92,,,,,,,,,,,,1.92,,,,,,,,,0.002,,0.002,,NonCA,NonCA,Band 66,,,,
215,2022-08-12 15:34:54.800000,-94.167786,41.517719,,,,,,,,,,,,,,,,,,,,,,,,,,,,,,397.0,Band 66,66986.0,132522.0,10.0,-93.97,-6.88,-64.24,,,12.17,26.61,,,2.0,0.0,100.0,0.0,0.0,TM4,,,,,,,,,,,,,,,,0.0,,,,,,,,,,0.0,,,,,,,,,NonCA,,Band 66,0.003,0.003,198.0,198.0
216,2022-08-12 15:34:54.900000,-94.167747,41.517719,,,,,,,,,,,,,,,,,,,,,,,,,,,,,,397.0,Band 66,66986.0,132522.0,10.0,-93.07,-7.15,-63.89,,,6.0,27.17,15.0,15.0,,,,,,TM4,15.0,,10.0,,,256QAM,,,3.0,,,,,,0.0,,,,,,3.0,,,,0.0,,,,,,,,,,NonCA,,Band 66,,,,
217,2022-08-12 15:34:55.000000,-94.167702,41.517719,-94.1677,41.51772,15:34:55,90.0,131.0,131.0,36.67,1.0,2.0,,,,,,,,,,,,,,,,,,LTE,,LTE Qualcomm,397.0,Band 66,66986.0,132522.0,10.0,-93.11,-7.09,-63.83,,,11.83,27.06,15.0,15.0,,,,,,TM4,15.0,4x2,,,,,,,,,0.06,0.06,0.0,0.03,,,0.018,0.016,0.018,0.016,,,0.06,0.03,,,0.018,0.016,0.018,0.016,0.002,,0.002,,NonCA,,Band 66,,,,
218,2022-08-12 15:34:55.100000,-94.167656,41.517719,,,,,,,,,,,,,,,,,,,,,,,,,,,,,,397.0,Band 66,66986.0,132522.0,10.0,-93.01,-8.44,-60.83,,,6.0,27.04,15.0,15.0,,,,,,TM4,15.0,,,,,,,,,,,,,,,,,,,,,,,,,,,,,,,,,,NonCA,,Band 66,,,,
219,2022-08-12 15:34:55.200000,-94.167618,41.517719,,,,,,,,,,,8.0,7.0,325.0,30.0,10.0,46.0,291.0,30.0,18.0,64.0,142.0,33.0,23.0,70.0,340.0,36.0,,,,397.0,Band 66,66986.0,132522.0,10.0,-93.02,-9.84,-59.42,,,11.25,26.95,15.0,15.0,2.0,0.0,100.0,0.0,0.0,TM4,15.0,,10.0,,20.2,256QAM,,64QAM,3.0,1.8,,,,,0.0,,,,,,3.0,1.8,,,0.0,,,,,,0.004,,0.004,,NonCA,NonCA,Band 66,,,,
220,2022-08-12 15:34:55.300000,-94.167572,41.517715,,,,,,,,,,,,,,,,,,,,,,,,,,,,,,397.0,Band 66,66986.0,132522.0,10.0,-93.15,-8.57,-61.01,,,5.0,26.99,15.0,15.0,,,,,,TM4,15.0,,,,,,,,,,,,,,,0.0,,,,,,,,,,0.0,,,,,,,,,NonCA,,Band 66,0.002,0.002,132.0,132.0
221,2022-08-12 15:34:55.400000,-94.167526,41.517715,,,,,,,,,,,,,,,,,,,,,,,,,,,,,,397.0,Band 66,66986.0,132522.0,10.0,-93.6,-7.38,-62.88,18.81,,11.43,26.84,15.0,15.0,,,,,,TM4,15.0,,,,,,,,,,,,,,,,,,,,,,,,,,,,,,,,,,NonCA,,Band 66,,,,
222,2022-08-12 15:34:55.500000,-94.16748,41.517715,,,,,,,,,,,,,,,,,,,,,,,,,,,,,,397.0,Band 66,66986.0,132522.0,10.0,-94.45,-7.65,-63.36,,6.69,7.5,26.13,,,2.0,0.0,100.0,0.0,0.0,TM4,,,10.0,,,256QAM,,,3.0,,,,,,0.0,,,,,,3.0,,,,0.0,,,,,,0.002,,0.002,,NonCA,,Band 66,,,,
223,2022-08-12 15:34:55.600000,-94.167442,41.517715,,,,,,,,,,,,,,,,,,,,,,,,,,,,,,397.0,Band 66,66986.0,132522.0,10.0,-95.18,-7.85,-64.16,,,12.29,25.8,15.0,15.0,,,,,,TM4,15.0,,,,,,,,,,,,,,,,,,,,,,,,,,,,,,,,,0.003,NonCA,,Band 66,,,,
224,2022-08-12 15:34:55.700000,-94.167397,41.517715,,,,,,,,,,,,,,,,,,,,,,,,,,,,,,397.0,Band 66,66986.0,132522.0,10.0,-94.88,-7.73,-64.42,,,8.5,26.15,15.0,15.0,,,,,,TM4,15.0,,,,,,,,,,,,,,,0.0,,,,,,,,,,0.0,,,,,0.002,,0.002,,NonCA,,Band 66,,,,
225,2022-08-12 15:34:55.800000,-94.167351,41.517712,,,,,,,,,,,,,,,,,,,,,,,,,,,,,,397.0,Band 66,66986.0,132522.0,10.0,-95.1,-7.43,-64.31,,,15.67,25.58,15.0,15.0,2.0,0.0,100.0,0.0,0.0,TM4,15.0,,10.0,,,256QAM,,,3.0,,,,,,0.0,,,,,,3.0,,,,0.0,,,,,,,,,,NonCA,,Band 66,0.003,0.003,198.0,198.0
226,2022-08-12 15:34:55.900000,-94.167313,41.517712,,,,,,,,,,,,,,,,,,,,,,,,,,,,,,397.0,Band 66,66986.0,132522.0,10.0,-95.44,-7.27,-64.71,,,9.0,25.41,15.0,15.0,,,,,,TM4,15.0,,,,,,,,,,,,,,,,,,,,,,,,,,,,,,,,,,NonCA,,Band 66,,,,
227,2022-08-12 15:34:56.000000,-94.167267,41.517712,-94.16727,41.51771,15:34:56,90.0,131.0,131.0,35.86,1.0,2.0,,,,,,,,,,,,,,,,,,LTE,,LTE Qualcomm,397.0,Band 66,66986.0,132522.0,10.0,-95.54,-8.69,-63.86,,,13.57,25.18,15.0,15.0,,,,,,TM4,15.0,,,,,,,,,,0.07,0.07,0.0,0.03,,,0.023,0.02,0.023,0.018,,,0.07,0.03,,,0.023,0.02,0.023,0.018,0.002,,0.002,,NonCA,,Band 66,,,,
228,2022-08-12 15:34:56.100000,-94.167221,41.517712,,,,,,,,,,,,,,,,,,,,,,,,,,,,,,397.0,Band 66,66986.0,132522.0,10.0,-96.22,-8.81,-64.04,,,9.5,24.69,,,2.0,0.0,100.0,0.0,0.0,TM4,,,10.0,,22.09,256QAM,,256QAM,3.0,1.91,,,,,0.0,,,,,,3.0,1.91,,,0.0,,,,,,,0.003,,,NonCA,NonCA,Band 66,,,,
229,2022-08-12 15:34:56.200000,-94.167175,41.517712,,,,,,,,,,,8.0,7.0,325.0,30.0,10.0,46.0,291.0,29.0,18.0,64.0,142.0,32.0,23.0,70.0,340.0,35.0,,,,397.0,Band 66,66986.0,132522.0,10.0,-97.89,-9.19,-64.68,,,14.6,23.95,15.0,15.0,,,,,,TM4,15.0,,,,,,,,,,,,,,,0.0,,,,,,,,,,0.0,,,,,0.004,,0.004,,NonCA,,Band 66,,,,
230,2022-08-12 15:34:56.300000,-94.16713,41.517712,,,,,,,,,,,,,,,,,,,,,,,,,,,,,,397.0,Band 66,66986.0,132522.0,10.0,-97.88,-9.13,-65.42,,,14.1,24.75,15.0,15.0,2.0,0.0,100.0,0.0,0.0,TM4,15.0,,,,,,,,,,,,,,,,,,,,,,,,,,,,,,,,,,NonCA,,Band 66,0.002,0.002,132.0,132.0
231,2022-08-12 15:34:56.400000,-94.167084,41.517712,,,,,,,,,,,,,,,,,,,,,,,,,,,,,,397.0,Band 66,66986.0,132522.0,10.0,-97.69,-7.61,-65.69,,,12.9,24.96,,,2.0,0.0,100.0,0.0,0.0,TM4,,,10.0,,,256QAM,,,3.0,,,,,,0.0,,,,,,3.0,,,,0.0,,,,,,,,,,NonCA,,Band 66,,,,
232,2022-08-12 15:34:56.500000,-94.167038,41.517712,,,,,,,,,,,,,,,,,,,,,,,,,,,,,,397.0,Band 66,66986.0,132522.0,10.0,-97.05,-7.96,-65.12,,,10.0,25.17,15.0,15.0,,,,,,TM4,15.0,,,,20.0,,,256QAM,,2.0,,,,,,,,,,,,2.0,,,,,,,,,0.002,,0.002,,NonCA,NonCA,Band 66,,,,
233,2022-08-12 15:34:56.600000,-94.167,41.517712,,,,,,,,,,,,,,,,,,,,,,,,,,,,,,397.0,Band 66,66986.0,132522.0,10.0,-97.48,-9.34,-64.59,,,16.57,24.84,15.0,15.0,,,,,,TM4,15.0,,,,,,,,,,,,,,,16.67,,,,,,,,,,16.67,,,,,,,,0.003,NonCA,,Band 66,,,,
234,2022-08-12 15:34:56.700000,-94.166954,41.517712,,,,,,,,,,,,,,,,,,,,,,,,,,,,,,397.0,Band 66,66986.0,132522.0,10.0,-98.3,-7.6,-66.88,19.31,,15.13,24.54,15.0,15.0,2.0,0.0,100.0,0.0,0.0,TM4,15.0,,10.5,,,256QAM,,,2.5,,,,,,0.0,,,,,,2.5,,,,0.0,,,,,,0.002,,0.002,,NonCA,,Band 66,,,,
235,2022-08-12 15:34:56.800000,-94.166908,41.517712,,,,,,,,,,,,,,,,,,,,,,,,,,,,,,397.0,Band 66,66986.0,132522.0,10.0,-98.13,-6.84,-67.41,,10.54,13.5,24.83,15.0,15.0,,,,,,TM4,15.0,,,,,,,,,,,,,,,,,,,,,,,,,,,,,,,,,,NonCA,,Band 66,0.003,0.003,198.0,198.0
236,2022-08-12 15:34:56.900000,-94.166862,41.517712,,,,,,,,,,,,,,,,,,,,,,,,,,,,,,397.0,Band 66,66986.0,132522.0,10.0,-97.75,-7.48,-67.39,,,11.0,24.48,15.0,15.0,,,,,,TM4,15.0,,,,,,,,,,,,,,,,,,,,,,,,,,,,,,,,,,NonCA,,Band 66,,,,
237,2022-08-12 15:34:57.000000,-94.166817,41.517712,-94.16682,41.51771,15:34:57,90.0,131.0,131.0,37.51,1.0,2.0,,,,,,,,,,,,,,,,,,LTE,,LTE Qualcomm,397.0,Band 66,66986.0,132522.0,10.0,-99.01,-8.05,-67.92,,,11.0,23.86,15.0,15.0,,,,,,TM4,15.0,,10.0,,,256QAM,,,3.0,,0.13,0.13,0.0,0.02,0.0,,0.041,0.003,0.041,0.003,3.0,,0.13,0.02,0.0,,0.041,0.003,0.041,0.003,0.002,,0.002,,NonCA,,Band 66,,,,
238,2022-08-12 15:34:57.100000,-94.166771,41.517712,,,,,,,,,,,,,,,,,,,,,,,,,,,,,,397.0,Band 66,66986.0,132522.0,10.0,-100.31,-10.22,-65.81,,,12.0,22.75,,,2.0,0.0,100.0,0.0,0.0,TM4,,,,,,,,,,,,,,,,,,,,,,,,,,,,,,,,,,,NonCA,,Band 66,,,,
239,2022-08-12 15:34:57.200000,-94.166733,41.517712,,,,,,,,,,,8.0,7.0,325.0,28.0,10.0,46.0,291.0,28.0,18.0,64.0,142.0,31.0,23.0,70.0,340.0,36.0,,,,397.0,Band 66,66986.0,132522.0,10.0,-100.69,-7.63,-69.94,,,13.0,23.9,15.0,15.0,,,,,,TM4,15.0,,,,,,,,,,,,,,,,,,,,,,,,,,,,,,,,,,NonCA,,Band 66,,,,
240,2022-08-12 15:34:57.300000,-94.166687,41.517712,,,,,,,,,,,,,,,,,,,,,,,,,,,,,,,,,,,,,,,,13.0,,15.0,15.0,,,,,,TM4,15.0,,,,,,,,,,,,,,,,,,,,,,,,,,,,,,0.0,,0.0,,,,,0.0,0.0,0.0,0.0
241,2022-08-12 15:34:57.700000,-94.166519,41.517712,,,,,,,,,,,,,,,,,,,,,,,,,,,,,,397.0,Band 66,66986.0,132522.0,10.0,-97.75,-10.19,-67.5,,,14.0,23.6,15.0,15.0,,,,,,TM4,15.0,,,,21.75,,,256QAM,,1.5,,,,,,,,,,,,1.5,,,,,,,,,0.0,0.002,0.0,0.001,NonCA,NonCA,Band 66,,,,
242,2022-08-12 15:34:57.800000,-94.166473,41.517712,,,,,,,,,,,,,,,,,,,,,,,,,,,,,,,,,,,,,,,,,,,,,,,,,,,,,,,,,,,,,,,,,,,,,,,,,,,,,,,,,,,,,,,0.0,0.0,0.0,0.0
243,2022-08-12 15:34:57.900000,-94.166435,41.517712,,,,,,,,,,,,,,,,,,,,,,,,,,,,,,397.0,Band 66,66986.0,132522.0,10.0,-96.25,-8.06,-69.06,,,14.0,22.9,13.0,15.0,,,,,,TM4,15.0,,,,,,,,,,,,,,,0.0,,,,,,,,,,0.0,,,,,,,0.0,,NonCA,,Band 66,,,,
244,2022-08-12 15:34:58.000000,-94.166389,41.517712,-94.16639,41.51771,15:34:58,90.0,131.0,131.0,35.84,1.0,2.0,,,,,,,,,,,,,,,,,,LTE,,LTE Qualcomm,,,,,,,,,18.0,,,,13.0,14.0,,,,,,TM4,15.0,,,,,,,,,,0.01,0.01,0.0,,,,0.0,,0.0,,,,0.01,,,,0.0,,0.0,,0.0,,,,,,,,,,
245,2022-08-12 15:34:58.100000,-94.166344,41.517712,,,,,,,,,,,,,,,,,,,,,,,,,,,,,,,,,,,,,,,12.4,,,,,,,,,,,,,,,,,,,,,,,,,,,,,,,,,,,,,,,,,,,,,,,,,,,
246,2022-08-12 15:34:58.200000,-94.166298,41.517708,,,,,,,,,,,8.0,7.0,325.0,29.0,10.0,46.0,291.0,27.0,18.0,64.0,142.0,32.0,23.0,70.0,340.0,36.0,,,,397.0,Band 66,66986.0,132522.0,10.0,-97.13,-11.31,-68.25,,,,19.6,,,,,,,,,,,,,,,,,,,,,,,,,,,,,,,,,,,,,,,,,,,NonCA,,Band 66,,,,
247,2022-08-12 15:34:58.300000,-94.16626,41.517708,,,,,,,,,,,,,,,,,,,,,,,,,,,,,,,,,,,,,,,,17.0,,12.0,13.0,2.0,0.0,100.0,0.0,0.0,TM4,15.0,,,,,,,,,,,,,,,,,,,,,,,,,,,,,,0.0,,0.0,,,,,0.0,0.0,0.0,0.0
248,2022-08-12 15:34:58.600000,-94.166122,41.517704,,,,,,,,,,,,,,,,,,,,,,,,,,,,,,397.0,Band 66,66986.0,132522.0,10.0,-96.06,-11.0,-67.0,,,15.0,22.9,15.0,15.0,,,,,,TM4,15.0,,2.0,,,QPSK,,,9.0,,,,,,0.0,,,,,,9.0,,,,0.0,,,,,,,,,,NonCA,,Band 66,,,,
249,2022-08-12 15:34:58.800000,-94.166039,41.517704,,,,,,,,,,,,,,,,,,,,,,,,,,,,,,,,,,,,,,,,,,,,,,,,,,,,,,,,,,,,,,,,,,,,,,,,,,,,,,,,0.0,,0.0,0.0,,,,0.0,0.0,0.0,0.0
250,2022-08-12 15:34:59.000000,-94.165947,41.5177,-94.16595,41.5177,15:34:59,90.0,130.0,130.0,36.69,1.0,2.0,,,,,,,,,,,,,,,,,,LTE,,LTE Qualcomm,397.0,Band 66,66986.0,132522.0,10.0,-97.44,-11.44,-65.75,,,,22.6,14.0,15.0,,,,,,TM4,15.0,,,,,,,,,,0.0,0.0,0.0,,,,0.0,0.001,0.0,0.001,,,0.0,,,,0.0,0.001,0.0,0.001,,,,,NonCA,,Band 66,,,,
251,2022-08-12 15:34:59.100000,-94.165901,41.5177,,,,,,,,,,,,,,,,,,,,,,,,,,,,,,397.0,Band 66,66986.0,132522.0,10.0,-97.56,-8.69,-70.88,,,15.0,24.7,15.0,15.0,2.0,0.0,100.0,0.0,0.0,TM4,15.0,,,,,,,,,,,,,,,,,,,,,,,,,,,,,,0.0,0.0,0.0,,NonCA,,Band 66,,,,
252,2022-08-12 15:34:59.200000,-94.165855,41.5177,,,,,,,,,,,8.0,7.0,325.0,26.0,10.0,46.0,291.0,25.0,18.0,64.0,142.0,31.0,23.0,70.0,340.0,35.0,,,,397.0,Band 66,66986.0,132522.0,10.0,-100.65,-6.47,-71.61,,,16.88,23.55,14.5,14.5,,,,,,TM4,15.0,,,,,,,,,,,,,,,0.0,,,,,,,,,,0.0,,,,,,,,,NonCA,,Band 66,,,,
253,2022-08-12 15:34:59.300000,-94.16581,41.5177,,,,,,,,,,,,,,,,,,,,,,,,,,,,,,397.0,Band 66,66986.0,132522.0,10.0,-101.3,-7.72,-71.49,21.0,,14.0,22.87,,,2.0,0.0,100.0,0.0,0.0,TM4,,,,,,,,,,,,,,,,,,,,,,,,,,,,,,,0.0,,0.0,,NonCA,,Band 66,0.0,0.0,0.0,0.0
254,2022-08-12 15:34:59.400000,-94.165764,41.5177,,,,,,,,,,,,,,,,,,,,,,,,,,,,,,397.0,Band 66,66986.0,132522.0,10.0,-100.29,-8.74,-69.54,,15.14,14.0,23.36,15.0,14.0,,,,,,TM4,15.0,,0.0,,,QPSK,,,3.0,,,,,,0.0,,,,,,3.0,,,,0.0,,,,,,,,,,NonCA,,Band 66,,,,
255,2022-08-12 15:34:59.500000,-94.165726,41.5177,,,,,,,,,,,,,,,,,,,,,,,,,,,,,,397.0,Band 66,66986.0,132522.0,10.0,-102.25,-7.88,-71.38,,,,22.4,14.0,14.0,,,,,,TM4,15.0,,,,,,,,,,,,,,,,,,,,,,,,,,,,,,,,,,NonCA,,Band 66,,,,
256,2022-08-12 15:34:59.700000,-94.165634,41.5177,,,,,,,,,,,,,,,,,,,,,,,,,,,,,,397.0,Band 66,66986.0,132522.0,10.0,-99.31,-7.25,-71.19,,,14.0,24.0,,,,,,,,,,,,,,,,,,,,,,,,,,,,,,,,,,,,,,,,,,,NonCA,,Band 66,,,,
257,2022-08-12 15:34:59.800000,-94.165588,41.5177,,,,,,,,,,,,,,,,,,,,,,,,,,,,,,,,,,,,,,,,,,,,,,,,,,,,,,,,,,,,,,,,,,,,,,,,,,,,,,,,0.0,,0.0,0.0,,,,0.0,0.0,0.0,0.0
258,2022-08-12 15:35:00.000000,-94.165497,41.5177,-94.1655,41.5177,15:35:00,90.0,130.0,130.0,37.51,1.0,2.0,,,,,,,,,,,,,,,,,,LTE,,,,,,,,,,,,,,,14.0,15.0,,,,,,TM4,15.0,,,,,,,,,,,,,0.0,,,,,,,,,,0.0,,,,,,,,,,,,,,,,,
259,2022-08-12 15:35:00.100000,-94.165451,41.5177,,,,,,,,,,,8.0,7.0,325.0,28.0,10.0,46.0,291.0,26.0,18.0,64.0,142.0,32.0,23.0,70.0,340.0,35.0,,,,397.0,Band 66,66986.0,132522.0,10.0,-97.38,-10.75,-66.69,,,14.0,22.8,14.0,15.0,,,,,,TM4,15.0,,,,,,,,,,,,,,,,,,,,,,,,,,,,,,0.0,,0.0,,NonCA,,Band 66,,,,
260,2022-08-12 15:35:00.300000,-94.165367,41.5177,,,,,,,,,,,,,,,,,,,,,,,,,,,,,,,,,,,,,,,,,,,,,,,,,,,,,,,,,,,,,,,,,,,,,,,,,,,,,,,,,,,,,,,0.0,0.0,0.0,0.0
261,2022-08-12 15:35:00.400000,-94.165329,41.5177,,,,,,,,,,,,,,,,,,,,,,,,,,,,,,397.0,Band 66,66986.0,132522.0,10.0,-97.81,-9.19,-69.88,,,22.0,16.4,11.0,10.0,,,,,,TM4,15.0,,,,16.0,,,64QAM,,3.0,,,,,,,,,,,,3.0,,,,,,,,,,,0.0,,NonCA,NonCA,Band 66,,,,
262,2022-08-12 15:35:00.700000,-94.165207,41.5177,,,,,,,,,,,,,,,,,,,,,,,,,,,,,,,,,,,,,,,15.6,,,,,,,,,,,,,,,,,,,,,,,,,,,,,,,,,,,,,,,,,0.0,0.0,,0.0,,,,,,,
263,2022-08-12 15:35:00.800000,-94.165161,41.5177,,,,,,,,,,,,,,,,,,,,,,,,,,,,,,,,,,,,,,,,,,,,,,,,,,,,,,,,,,,,,,,,,,,,,,,,,,,,,,,,,,,,,,,0.0,0.0,0.0,0.0
264,2022-08-12 15:35:00.900000,-94.165123,41.5177,,,,,,,,,,,,,,,,,,,,,,,,,,,,,,397.0,Band 66,66986.0,132522.0,10.0,-97.13,-7.88,-71.38,,,,17.3,11.0,10.0,,,,,,TM4,15.0,,,,,,,,,,,,,,,,,,,,,,,,,,,,,,,,,,NonCA,,Band 66,,,,
265,2022-08-12 15:35:01.000000,-94.165077,41.5177,-94.16508,41.5177,15:35:01,90.0,130.0,130.0,35.01,1.0,2.0,,,,,,,,,,,,,,,,,,LTE,,LTE Qualcomm,,,,,,,,,,,,,,,,,,,,,,4x2,,,,,,,,,0.02,0.02,0.01,0.01,,,0.013,0.019,0.013,0.017,,,0.02,0.01,,,0.013,0.019,0.013,0.017,,,,,,,,,,,
266,2022-08-12 15:35:01.100000,-94.165031,41.5177,,,,,,,,,,,,,,,,,,,,,,,,,,,,,,397.0,Band 66,66986.0,132522.0,10.0,-97.75,-11.81,-67.5,,,20.5,17.0,11.0,11.0,,,,,,TM4,15.0,,,,,,,,,,,,,,,,,,,,,,,,,,,,,,0.0,,0.0,,NonCA,,Band 66,,,,
267,2022-08-12 15:35:01.200000,-94.164993,41.5177,,,,,,,,,,,8.0,7.0,325.0,24.0,10.0,46.0,291.0,23.0,18.0,64.0,142.0,27.0,23.0,70.0,340.0,33.0,,,,,,,,,,,,,,,,,,,,,,,,,,,,,,,,,,,,,,,,,,,,,,,,,,,,,,,,,,,,,,,,
268,2022-08-12 15:35:01.300000,-94.164948,41.5177,,,,,,,,,,,,,,,,,,,,,,,,,,,,,,,,,,,,,,,,,,,,,,,,,,,,,,,,,,,,,,,,,,,,,,,,,,,,,,,,,,,,,,,0.0,0.0,0.0,0.0
269,2022-08-12 15:35:01.400000,-94.164909,41.5177,,,,,,,,,,,,,,,,,,,,,,,,,,,,,,397.0,Band 66,66986.0,132522.0,10.0,-96.88,-8.44,-71.13,,,,19.8,13.0,14.0,,,,,,TM4,15.0,,2.0,,,QPSK,,,9.0,,,,,,0.0,,,,,,9.0,,,,0.0,,,,,,0.0,,0.0,,NonCA,,Band 66,,,,
270,2022-08-12 15:35:01.600000,-94.164818,41.5177,,,,,,,,,,,,,,,,,,,,,,,,,,,,,,397.0,Band 66,66986.0,132522.0,10.0,-100.25,-8.44,-73.13,,,18.6,21.0,12.0,13.0,2.0,0.0,100.0,0.0,0.0,TM4,15.0,,,,,,,,,,,,,,,,,,,,,,,,,,,,,,,,,0.0,NonCA,,Band 66,,,,
271,2022-08-12 15:35:01.700000,-94.16478,41.5177,,,,,,,,,,,,,,,,,,,,,,,,,,,,,,397.0,Band 66,66986.0,132522.0,10.0,-102.96,-5.99,-73.5,,,17.47,20.64,14.0,14.0,2.0,0.0,100.0,0.0,0.0,TM4,15.0,,,,22.0,,,256QAM,,6.0,,,,,,12.5,,,,,,6.0,,,,12.5,,,,,0.075,,0.075,,NonCA,NonCA,Band 66,,,,
272,2022-08-12 15:35:01.800000,-94.164734,41.5177,,,,,,,,,,,,,,,,,,,,,,,,,,,,,,397.0,Band 66,66986.0,132522.0,10.0,-102.93,-7.55,-72.33,,,12.0,21.21,14.0,15.0,,,,,,TM4,15.0,,11.57,20.33,,256QAM,256QAM,,5.14,,,,,,0.0,,,,,,5.14,,,,0.0,,,,,,,,,,NonCA,,Band 66,0.055,0.023,3441.0,1422.0
273,2022-08-12 15:35:01.900000,-94.164696,41.5177,,,,,,,,,,,,,,,,,,,,,,,,,,,,,,397.0,Band 66,66986.0,132522.0,10.0,-100.38,-8.11,-72.63,18.25,,11.0,23.26,15.0,15.0,2.0,0.0,100.0,0.0,0.0,TM4,15.0,,,,,,,,,,,,,,,,,,,,,,,,,,,,,,,0.007,0.0,,NonCA,,Band 66,,,,
274,2022-08-12 15:35:02.000000,-94.16465,41.5177,-94.16465,41.5177,15:35:02,90.0,130.0,130.0,35.84,1.0,2.0,,,,,,,,,,,,,,,,,,LTE,,,397.0,Band 66,66986.0,132522.0,10.0,-101.19,-8.0,-69.19,,16.18,11.0,22.0,,,,,,,,,,,,,,,,,,,,,,,,,,,,,,,,,,,,,,,0.0,,,,NonCA,,Band 66,,,,
275,2022-08-12 15:35:02.100000,-94.164604,41.5177,,,,,,,,,,,,,,,,,,,,,,,,,,,,,,397.0,Band 66,66986.0,132522.0,10.0,-101.69,-7.94,-70.19,,,11.0,23.2,15.0,15.0,,,,,,TM4,15.0,,,,,,,,,,,,,,,,,,,,,,,,,,,,,,,,,,NonCA,,Band 66,,,,
276,2022-08-12 15:35:02.200000,-94.164558,41.517696,,,,,,,,,,,8.0,7.0,325.0,24.0,10.0,46.0,291.0,23.0,18.0,64.0,142.0,24.0,23.0,70.0,340.0,31.0,,,,,,,,,,,,,,,,,,,,,,,,,,,,,,,,,,,,,,,,,,,,,,,,,,,,,,,,,,,,,,,,
277,2022-08-12 15:35:02.300000,-94.16452,41.517696,,,,,,,,,,,,,,,,,,,,,,,,,,,,,,,,,,,,,,,,,,,,,,,,,,,,,,,,,,,,,,,,,,,,,,,,,,,,,,,,0.0,,0.0,,,,,0.0,0.0,0.0,0.0
278,2022-08-12 15:35:02.700000,-94.164337,41.517693,,,,,,,,,,,,,,,,,,,,,,,,,,,,,,397.0,Band 66,66986.0,132522.0,10.0,-97.19,-11.13,-66.56,,,9.5,23.2,14.5,15.0,,,,,,TM4,15.0,,,,,,,,,,,,,,,,,,,,,,,,,,,,,,,,,0.01,NonCA,,Band 66,,,,
279,2022-08-12 15:35:02.800000,-94.164299,41.517693,,,,,,,,,,,,,,,,,,,,,,,,,,,,,,,,,,,,,,,,,,,,,,,,,,,,,,,,,,,,,,,,,,,,,,,,,,,,,,,,,,,,,,,0.0,0.0,0.0,0.0
280,2022-08-12 15:35:03.000000,-94.164207,41.517689,-94.16421,41.51769,15:35:03,90.0,130.0,130.0,36.69,1.0,2.0,,,,,,,,,,,,,,,,,,LTE,,,397.0,Band 66,66986.0,132522.0,10.0,-94.94,-8.0,-67.63,,,10.0,22.4,15.0,15.0,,,,,,TM4,15.0,,,,23.75,,,256QAM,,1.4,,,,0.24,,,,,,,,1.4,,0.24,,,,,,,0.0,,0.0,,NonCA,NonCA,Band 66,,,,
281,2022-08-12 15:35:03.200000,-94.164207,41.517689,,,,,,,,,,,8.0,8.0,325.0,24.0,10.0,46.0,292.0,20.0,18.0,63.0,143.0,24.0,23.0,70.0,342.0,29.0,,,,,,,,,,,,,,,,,,,,,,,,,,,,,,,,,,,,,,,,,,,,,,,,,,,,,,0.0,,0.0,,,,,,,,
282,2022-08-12 15:35:03.300000,-94.164207,41.517689,,,,,,,,,,,,,,,,,,,,,,,,,,,,,,,,,,,,,,,10.0,,,,,,,,,,,,,,,,,,,,,,,,,,,,,,,,,,,,,,,,,,,,,,,,0.0,0.0,0.0,0.0
283,2022-08-12 15:35:03.500000,-94.164207,41.517689,,,,,,,,,,,,,,,,,,,,,,,,,,,,,,397.0,Band 66,66986.0,132522.0,10.0,-96.06,-8.38,-70.0,,,10.0,23.2,15.0,15.0,,,,,,TM4,15.0,,,,,,,,,,,,,,,,,,,,,,,,,,,,,,,,,,NonCA,,Band 66,,,,
284,2022-08-12 15:35:03.600000,-94.164207,41.517689,,,,,,,,,,,,,,,,,,,,,,,,,,,,,,397.0,Band 66,66986.0,132522.0,10.0,-97.75,-8.63,-71.69,,,10.0,21.8,15.0,15.0,,,,,,TM4,15.0,,,,,,,,,,,,,,,,,,,,,,,,,,,,,,0.0,0.0,0.0,0.0,NonCA,,Band 66,,,,
285,Count,285.0,285.0,32.0,32.0,32,32.0,32.0,32.0,31.0,32.0,32.0,,32.0,32.0,32.0,32.0,32.0,32.0,32.0,32.0,32.0,32.0,32.0,32.0,32.0,32.0,32.0,32.0,LTE: 32 (100.0%),1.0,27,251.0,251,251.0,251.0,251.0,251.0,251.0,251.0,20.0,25.0,244.0,251.0,217.0,217.0,95.0,95.0,95.0,95.0,95.0,251,217.0,11,75.0,3.0,36.0,75,3,36,75.0,36.0,26.0,26.0,26.0,24.0,75.0,52.0,26.0,24.0,26.0,24.0,75.0,36.0,26.0,24.0,75.0,52.0,26.0,24.0,26.0,24.0,111.0,21.0,111.0,31.0,"Count: 251
NonCA: 251 (100.0%)
CA Avg=1.000","Count: 36
NonCA: 36 (100.0%)
CA Avg=1.000",251,63.0,63.0,63.0,63.0
286,Minimum,-94.177773,41.517689,-94.17777,41.51769,,89.0,130.0,130.0,35.01,1.0,2.0,,8.0,7.0,325.0,16.0,10.0,46.0,291.0,20.0,18.0,63.0,142.0,24.0,23.0,70.0,340.0,29.0,,,,397.0,,66986.0,132522.0,10.0,-109.3,-19.63,-74.77,9.67,-3.75,-5.0,8.55,8.0,0.0,1.0,0.0,0.0,0.0,0.0,,0.0,,0.0,7.0,16.0,,,,2.0,1.0,0.0,0.0,0.0,0.0,0.0,0.0,0.0,0.001,0.0,0.001,2.0,1.0,0.0,0.0,0.0,0.0,0.0,0.001,0.0,0.001,0.0,0.0,0.0,0.0,,,,0.0,0.0,0.0,0.0
287,Maximum,-94.164207,41.517761,-94.16421,41.51776,,90.0,132.0,132.0,37.51,1.0,2.0,,8.0,8.0,325.0,31.0,10.0,46.0,292.0,30.0,18.0,64.0,143.0,35.0,23.0,70.0,342.0,36.0,,,,397.0,,66986.0,132522.0,10.0,-91.25,-5.99,-57.44,21.0,16.18,22.0,27.34,15.0,15.0,2.0,100.0,100.0,0.0,0.0,,15.0,,13.67,20.33,25.0,,,,9.0,6.0,0.13,0.13,0.01,0.24,40.0,33.33,0.041,0.024,0.041,0.021,9.0,6.0,0.13,0.24,40.0,33.33,0.041,0.024,0.041,0.021,0.075,0.007,0.075,0.01,,,,0.055,0.023,3441.0,1422.0
288,Average,,,,,,,130.94,130.94,36.46,,,,8.0,7.03,325.0,25.63,10.0,46.0,291.03,27.28,18.0,63.97,142.03,31.75,23.0,70.0,340.06,33.59,,,,,,,,,-99.02,-11.01,-66.01,15.18,4.27,6.53,20.88,13.47,12.58,1.97,3.16,96.84,0.0,0.0,,0.15,,8.28,14.44,22.1,,,,3.25,1.86,0.05,0.05,0.0,0.03,0.98,6.89,0.014,0.015,0.014,0.014,3.25,1.86,0.05,0.03,0.98,6.89,0.014,0.015,0.014,0.014,0.003,0.002,0.003,0.002,,,,0.002,0.002,159.38,127.33
289,Stdev,,,,,,,0.5,0.5,0.7,,,,0.0,0.17,0.0,3.59,0.0,0.0,0.17,2.11,0.0,0.17,0.17,2.45,0.0,0.0,0.35,1.58,,,,,,,,,4.42,2.58,3.72,3.61,6.29,5.39,4.11,1.67,3.26,0.18,17.49,17.49,0.0,0.0,,0.02,,3.75,5.55,1.9,,,,1.25,0.82,0.03,0.03,0.0,0.04,5.93,10.1,0.01,0.006,0.009,0.005,1.25,0.82,0.03,0.04,5.93,10.1,0.01,0.006,0.009,0.005,0.007,0.0,0.007,0.0,,,,0.007,0.0,424.87,184.01
290,Median,,,,,,,131.0,131.0,36.67,,,,8.0,7.0,325.0,27.0,10.0,46.0,291.0,28.0,18.0,64.0,142.0,32.0,23.0,70.0,340.0,34.0,,,,,,,,,-98.6,-10.88,-66.13,15.36,1.1,5.44,21.2,14.0,13.0,2.0,0.0,100.0,0.0,0.0,,15.0,,10.0,16.0,22.67,,,,3.0,1.8,0.05,0.05,0.0,0.02,0.0,0.0,0.014,0.017,0.014,0.016,3.0,1.8,0.05,0.02,0.0,0.0,0.014,0.017,0.014,0.016,0.002,0.003,0.002,0.003,,,,0.002,0.002,132.0,132.0
291,5%-tile,,,,,,,130.0,130.0,35.02,,,,8.0,7.0,325.0,20.0,10.0,46.0,291.0,23.0,18.0,64.0,142.0,25.65,23.0,70.0,340.0,31.0,,,,,,,,,-106.86,-15.94,-72.18,10.22,-2.98,-1.85,14.08,10.0,7.0,2.0,0.0,100.0,0.0,0.0,,15.0,,1.4,7.9,18.86,,,,2.5,1.07,0.0,0.0,0.0,0.0,0.0,0.0,0.0,0.002,0.0,0.002,2.5,1.07,0.0,0.0,0.0,0.0,0.0,0.002,0.0,0.002,0.0,0.0,0.0,0.0,,,,0.0,0.0,0.0,0.0
292,95%-tile,,,,,,,132.0,132.0,37.51,,,,8.0,7.0,325.0,30.0,10.0,46.0,291.0,29.45,18.0,64.0,142.0,34.0,23.0,70.0,340.0,36.0,,,,,,,,,-92.69,-7.43,-60.16,19.42,15.51,15.12,26.86,15.0,15.0,2.0,0.0,100.0,0.0,0.0,,15.0,,13.33,19.9,24.0,,,,4.69,3.0,0.08,0.08,0.01,0.03,0.0,28.57,0.034,0.023,0.023,0.019,4.69,3.0,0.08,0.03,0.0,28.57,0.034,0.023,0.023,0.019,0.004,0.003,0.004,0.003,,,,0.003,0.003,198.0,198.0
